steam_id,name,owners,positive,negative
2059530,Dawn of Defiance,"50,000 .. 100,000",1102,317
2734450,Folie Fatale,"50,000 .. 100,000",1716,199
365050,Escape,"50,000 .. 100,000",178,110
2705100,breakfive,"50,000 .. 100,000",5,4
1116580,Shady Part of Me,"50,000 .. 100,000",2549,147
860960,N1L (No1Lives),"50,000 .. 100,000",9,9
3290830,Faith Of Life _ Survive Edition,"50,000 .. 100,000",3,1
791950,Hiking Simulator 2018,"50,000 .. 100,000",8,20
1419850,Saleblazers,"50,000 .. 100,000",1341,187
1487320,Astro Sentai Jarbonder,"50,000 .. 100,000",28,8
2451470,The Order of the Snake Scale,"50,000 .. 100,000",23,1
1405790,John Wick Hex,"50,000 .. 100,000",453,267
227380,Dragon's Lair,"50,000 .. 100,000",509,151
1068640,Village Feud,"50,000 .. 100,000",266,102
1376790,Pyramid Runner,"50,000 .. 100,000",16,0
695600,This Grand Life,"50,000 .. 100,000",178,57
1037930,Era of Miracles,"50,000 .. 100,000",11,5
391740,Blaster Shooter GunGuy!,"50,000 .. 100,000",178,229
676770,Island Dash,"50,000 .. 100,000",420,76
618620,Naval Armada: Fleet Battle,"50,000 .. 100,000",98,77
1828010,Deadly Nightmare,"50,000 .. 100,000",2,4
235980,Tetrobot and Co.,"50,000 .. 100,000",485,17
3134130,The Curse of the Demon Tree,"50,000 .. 100,000",1,0
1717250,Ratten Reich,"50,000 .. 100,000",309,220
1111370,A Summer's End - Hong Kong 1986,"50,000 .. 100,000",1891,74
1725950,魔塔地牢,"50,000 .. 100,000",130,64
1021770,Wanba Warriors,"50,000 .. 100,000",2375,280
2285630,Survivors of the Dawn,"50,000 .. 100,000",514,153
204220,Snapshot,"50,000 .. 100,000",185,68
1958600,Barro F22,"50,000 .. 100,000",320,50
565030,Blueshift,"50,000 .. 100,000",166,43
388050,Snik,"50,000 .. 100,000",62,53
1382200,Liquidators,"50,000 .. 100,000",1072,46
313780,Conarium,"50,000 .. 100,000",1661,490
1573750,100 hidden mushrooms,"50,000 .. 100,000",393,39
606730,Sine Mora EX,"50,000 .. 100,000",415,219
345820,Shantae and the Pirate's Curse,"50,000 .. 100,000",2653,200
1320950,The Swine,"50,000 .. 100,000",246,54
517130,Soundboxing,"50,000 .. 100,000",494,69
419460,"That Dragon, Cancer","50,000 .. 100,000",1329,149
1725440,House of Rules,"50,000 .. 100,000",136,13
408740,Pro Gamer Manager,"50,000 .. 100,000",339,347
2688890,UFO: Henfield,"50,000 .. 100,000",1,0
762670,Astro Joust,"50,000 .. 100,000",5,5
1153130,Wurroom,"50,000 .. 100,000",662,46
844960,Pro 11 - Football Manager Game,"50,000 .. 100,000",255,82
1471040,Base One,"50,000 .. 100,000",179,291
1692240,Fortune's Run,"50,000 .. 100,000",500,39
731620,Hide Or Die,"50,000 .. 100,000",854,656
2140170,Sinned,"50,000 .. 100,000",9,4
260250,Blood of the Werewolf,"50,000 .. 100,000",364,252
1078760,Motorcycle Mechanic Simulator 2021,"50,000 .. 100,000",1045,494
1438440,Aurora: A Child's Journey,"50,000 .. 100,000",884,65
351250,Avalanche 2: Super Avalanche,"50,000 .. 100,000",210,37
1515930,Wild Workshop,"50,000 .. 100,000",0,2
2093680,Celadon,"50,000 .. 100,000",2,1
1469160,Wartune Reborn,"50,000 .. 100,000",166,94
497050,Shape Shifter,"50,000 .. 100,000",94,83
1286220,Sea Power : Naval Combat in the Missile Age,"50,000 .. 100,000",3411,376
57400,Batman: Arkham City,"50,000 .. 100,000",2075,31
513320,ALICE VR,"50,000 .. 100,000",128,209
1841220,The Devils - A Visual Novel Of WWII,"50,000 .. 100,000",2,0
1269550,KillSteel,"50,000 .. 100,000",262,43
33770,Drakensang: The River of Time,"50,000 .. 100,000",308,76
785890,Hexologic,"50,000 .. 100,000",1208,52
485690,Hope Lake,"50,000 .. 100,000",373,142
268810,Paranormal State: Poison Spring,"50,000 .. 100,000",282,85
2063050,TVs: The Awakening,"50,000 .. 100,000",46,16
1250940,Demon Blast,"50,000 .. 100,000",8,4
452710,Realities,"50,000 .. 100,000",196,68
582810,Awesome Metal Detecting,"50,000 .. 100,000",287,155
904360,Family Man,"50,000 .. 100,000",417,165
1273260,Corpse Party (2021),"50,000 .. 100,000",1099,96
609110,Blazing Chrome,"50,000 .. 100,000",1551,217
1559680,Amazing Frog? 2,"50,000 .. 100,000",544,156
2634890,MARVEL vs. CAPCOM Fighting Collection: Arcade Classics,"50,000 .. 100,000",1956,121
480480,Slash or Die,"50,000 .. 100,000",219,35
1352330,Zoo 2: Animal Park,"50,000 .. 100,000",1158,312
1659090,REMEDIUM,"50,000 .. 100,000",52,25
345860,Super Galaxy Squadron EX Turbo,"50,000 .. 100,000",462,90
444160,Bonsai,"50,000 .. 100,000",229,76
1839940,Dakar Desert Rally,"50,000 .. 100,000",764,555
1011300,UNI,"50,000 .. 100,000",253,172
369110,The Swindle,"50,000 .. 100,000",390,223
441830,I am Setsuna,"50,000 .. 100,000",1188,464
1056350,Wizard Warfare,"50,000 .. 100,000",58,1
809540,Mechs V Kaijus - Tower Defense,"50,000 .. 100,000",420,83
466840,Super Space Pug,"50,000 .. 100,000",170,136
384150,TeraBlaster,"50,000 .. 100,000",722,313
915670,Everreach: Project Eden,"50,000 .. 100,000",272,315
1694420,Card Survival: Tropical Island,"50,000 .. 100,000",2596,133
365580,Beeswing,"50,000 .. 100,000",139,13
1276850,Kane's Shadow,"50,000 .. 100,000",6,3
984800,Automachef,"50,000 .. 100,000",622,241
307050,Shan Gui (山桂),"50,000 .. 100,000",1632,631
42850,Arsenal of Democracy: A Hearts of Iron Game,"50,000 .. 100,000",318,57
1444170,DOGMAN,"50,000 .. 100,000",17,5
1493760,Youtubers Life 2,"50,000 .. 100,000",1591,583
1687280,Starfighter Aces,"50,000 .. 100,000",1,3
370710,Last Heroes,"50,000 .. 100,000",83,39
1456230,Cthulhu: Death Escape / 克苏鲁:死亡逃脱 Prototype,"50,000 .. 100,000",105,39
3600,Escape Rosecliff Island,"50,000 .. 100,000",213,86
355070,TDP5 Arena 3D,"50,000 .. 100,000",108,120
1453600,Night Reverie: Prologue,"50,000 .. 100,000",259,21
474910,The Mahjong Huntress,"50,000 .. 100,000",221,98
896160,Evil Bank Manager,"50,000 .. 100,000",1334,409
764920,Fear the Night - 恐惧之夜,"50,000 .. 100,000",490,404
1500390,Happy Bones,"50,000 .. 100,000",19,0
2073540,Night Gate,"50,000 .. 100,000",15,12
1273250,Breakpoint,"50,000 .. 100,000",223,8
987020,DRONE The Game,"50,000 .. 100,000",798,594
1941340,Cool People Club,"50,000 .. 100,000",20,2
564980,Killer Klownz,"50,000 .. 100,000",31,15
1337970,CatTuber,"50,000 .. 100,000",652,57
259060,Dominions 4: Thrones of Ascension,"50,000 .. 100,000",1306,134
1879030,Return the Backrooms,"50,000 .. 100,000",89,50
441010,Mount Your Friends 3D: A Hard Man is Good to Climb,"50,000 .. 100,000",360,45
862480,The Spiral Scouts,"50,000 .. 100,000",474,114
1449920,GRUNND,"50,000 .. 100,000",28,13
1390010,pyramida,"50,000 .. 100,000",596,109
3177340,Tower of Madness,"50,000 .. 100,000",42,1
830820,Jets'n'Guns 2,"50,000 .. 100,000",1127,117
504770,Slavistan,"50,000 .. 100,000",652,78
2370,Hexen: Deathkings of the Dark Citadel,"50,000 .. 100,000",155,51
259810,Home Sheep Home: Farmageddon Party Edition,"50,000 .. 100,000",725,32
1335560,UNREAL LIFE,"50,000 .. 100,000",1603,70
2780710,Asgard's Fall — Viking Survivors,"50,000 .. 100,000",710,112
1951220,道衍诀,"50,000 .. 100,000",516,459
449710,REDCON,"50,000 .. 100,000",633,118
255920,The 7th Guest,"50,000 .. 100,000",333,161
200990,Geneforge 3,"50,000 .. 100,000",46,8
610780,Crazy Buggy Racing,"50,000 .. 100,000",55,84
35010,Batman: Arkham Asylum Game of the Year Edition,"50,000 .. 100,000",21567,916
2362740,POOSTALL Royale,"50,000 .. 100,000",911,159
240970,Half Minute Hero: The Second Coming,"50,000 .. 100,000",502,47
39640,AquaNox 2: Revelation,"50,000 .. 100,000",200,65
2494370,Stories One,"50,000 .. 100,000",46,24
364300,Space Rogue,"50,000 .. 100,000",289,159
1103100,1000 days to escape,"50,000 .. 100,000",330,63
597230,Shotgun Legend,"50,000 .. 100,000",875,99
3272140,Diddy,"50,000 .. 100,000",11,11
1448230,Avalom: Ancestral Heroes,"50,000 .. 100,000",58,29
292230,Game Character Hub,"50,000 .. 100,000",226,102
2129470,Knights of Pen and Paper 3,"50,000 .. 100,000",41,157
395380,ANKI,"50,000 .. 100,000",107,53
376920,Tiki Man,"50,000 .. 100,000",235,63
416060,Westboro,"50,000 .. 100,000",216,101
1233070,Isles of Sea and Sky,"50,000 .. 100,000",942,61
1369800,Spaceslingers,"50,000 .. 100,000",4,0
2458560,Zoochosis,"50,000 .. 100,000",1208,836
1566500,Strife: The Expanse,"50,000 .. 100,000",4,0
1398100,Orwell's Animal Farm,"50,000 .. 100,000",127,33
2303300,Real Zombie War Simulator,"50,000 .. 100,000",4,8
2971610,HOLE,"50,000 .. 100,000",1476,59
1931180,Lost Skies,"50,000 .. 100,000",1254,518
597700,OVIVO,"50,000 .. 100,000",416,46
116100,Super Toy Cars,"50,000 .. 100,000",233,162
269890,AR-K,"50,000 .. 100,000",263,222
3337200,Bodycam:Adrenaline,"50,000 .. 100,000",0,2
2776450,Multiverse Loot Hunter,"50,000 .. 100,000",1502,271
1101790,War Mongrels,"50,000 .. 100,000",1644,561
340730,Sunrider Academy,"50,000 .. 100,000",947,195
201000,Geneforge 4: Rebellion,"50,000 .. 100,000",41,5
457860,Apollo 11 VR,"50,000 .. 100,000",500,108
334190,Insanity's Blade,"50,000 .. 100,000",215,77
2168200,NervBox,"50,000 .. 100,000",12,6
448850,Overload,"50,000 .. 100,000",1903,119
1547670,A Day Out,"50,000 .. 100,000",482,138
399890,The Secret Order 2: Masked Intent,"50,000 .. 100,000",393,94
2719940,The Bonerooms,"50,000 .. 100,000",566,228
704920,Magic Rampage,"50,000 .. 100,000",1376,79
1647390,Dexter Stardust : Adventures in Outer Space,"50,000 .. 100,000",89,5
457960,Holopoint,"50,000 .. 100,000",631,73
339350,Choice of Robots,"50,000 .. 100,000",1911,78
747920,Hero Plus,"50,000 .. 100,000",159,105
434820,Brushwood Buddies,"50,000 .. 100,000",149,29
369040,Yargis - Space Melee,"50,000 .. 100,000",135,94
341950,Lux Delux,"50,000 .. 100,000",300,69
1611410,Stardom 3,"50,000 .. 100,000",1405,96
810660,The Office Quest,"50,000 .. 100,000",748,57
782660,Armada: Modern Tanks,"50,000 .. 100,000",184,160
269170,Sports Bar VR,"50,000 .. 100,000",701,143
2687970,TRIBES 3: Rivals,"50,000 .. 100,000",843,469
1982360,The Bird's Realm 3,"50,000 .. 100,000",2,0
1420300,No More Heroes 2: Desperate Struggle,"50,000 .. 100,000",567,219
1619220,Sprite Fantasia,"50,000 .. 100,000",142,139
1390380,Wolf's Gang,"50,000 .. 100,000",133,11
767390,Dakar 18,"50,000 .. 100,000",803,367
2162680,Doom Sweeper,"50,000 .. 100,000",579,181
458770,WRC 6 FIA World Rally Championship,"50,000 .. 100,000",1029,416
262960,Castle In The Darkness,"50,000 .. 100,000",959,292
545030,NSFW ~ Not a Simulator For Working,"50,000 .. 100,000",112,18
415030,One More Dungeon,"50,000 .. 100,000",500,151
990260,Collapse: A Political Simulator,"50,000 .. 100,000",117,62
555260,The Butterfly Sign: Human Error,"50,000 .. 100,000",40,40
428100,Beyond Reality,"50,000 .. 100,000",143,34
2498580,接触: 第一章(The Encounter: Chapter One),"50,000 .. 100,000",24,16
1980530,Kiwi Clicker - Juiced Up,"50,000 .. 100,000",1569,81
444720,Inexistence,"50,000 .. 100,000",242,126
533820,Atonement 2: Ruptured by Despair,"50,000 .. 100,000",120,51
722230,L.A. Noire: The VR Case Files,"50,000 .. 100,000",538,547
3240760,Lock Down,"50,000 .. 100,000",1,2
792710,Levelhead,"50,000 .. 100,000",954,61
1638220,Xuan-Yuan Sword: The Scar of Sky,"50,000 .. 100,000",2130,150
559610,Love Ribbon,"50,000 .. 100,000",1720,157
765450,Tank Brawl 2: Armor Fury,"50,000 .. 100,000",31,15
1830040,False Skies,"50,000 .. 100,000",75,6
1546920,Overboard!,"50,000 .. 100,000",523,53
319730,GRANADO ESPADA,"50,000 .. 100,000",116,123
406730,"1,000 Heads Among the Trees","50,000 .. 100,000",71,59
3367780,Mutational Loading,"50,000 .. 100,000",0,1
2943780,Chamber Survival,"50,000 .. 100,000",0,7
747360,Gray Dawn,"50,000 .. 100,000",939,177
439550,'n Verlore Verstand,"50,000 .. 100,000",77,82
259680,Tales of Maj'Eyal,"50,000 .. 100,000",6381,331
585840,Leaving Lyndow,"50,000 .. 100,000",916,212
320320,Darkstone,"50,000 .. 100,000",427,120
1062100,HaberDashers,"50,000 .. 100,000",64,26
306370,World of Subways 1 – The Path,"50,000 .. 100,000",70,42
761030,EARTHLOCK,"50,000 .. 100,000",419,155
2442440,No Delivery,"50,000 .. 100,000",54,1
1918970,Eresys,"50,000 .. 100,000",286,160
339130,Morningstar: Descent to Deadrock,"50,000 .. 100,000",520,37
780670,Fantasy of Expedition,"50,000 .. 100,000",547,134
1366810,AccrO,"50,000 .. 100,000",88,31
1583690,Elijah and the Out of this World Adventure,"50,000 .. 100,000",13,0
1160490,Master Of Pottery,"50,000 .. 100,000",2752,74
513290,Lucius III,"50,000 .. 100,000",643,572
1877020,Jujutsu Kaisen Cursed Clash,"50,000 .. 100,000",2099,1383
80200,Fate of the World,"50,000 .. 100,000",347,95
1430140,Space Empires II,"50,000 .. 100,000",8,6
2442460,Citizen Sleeper 2: Starward Vector,"50,000 .. 100,000",1239,77
1057720,Shattered Lights,"50,000 .. 100,000",368,53
1507260,Cannon Lab 13,"50,000 .. 100,000",8,1
307340,Platypus,"50,000 .. 100,000",500,52
1158450,GALAXIUM,"50,000 .. 100,000",60,161
2355170,Neon Nexus,"50,000 .. 100,000",2,0
433100,The Town of Light,"50,000 .. 100,000",2111,547
639650,1982,"50,000 .. 100,000",740,51
895110,Magical Battle Cry,"50,000 .. 100,000",673,343
636360,Silent Gentlemen,"50,000 .. 100,000",13,13
404920,Emergency 2016,"50,000 .. 100,000",121,147
703280,Zeal,"50,000 .. 100,000",305,126
353090,Chicken Invaders 5,"50,000 .. 100,000",1002,38
601640,The guard of dungeon,"50,000 .. 100,000",111,77
509560,Heroes of Dire,"50,000 .. 100,000",139,66
3259240,Nuckelavee,"50,000 .. 100,000",2,0
395400,Freedom Cry,"50,000 .. 100,000",48,39
1674780,Lone Fungus,"50,000 .. 100,000",845,151
726990,Succubus Rem,"50,000 .. 100,000",825,99
340460,Spartans Vs Zombies Defense,"200,000 .. 500,000",350,397
245470,Democracy 3,"200,000 .. 500,000",5381,1862
312750,Final Fantasy IV (3D Remake),"200,000 .. 500,000",2479,470
1029890,Layers of Fear 2 (2019),"200,000 .. 500,000",1667,658
1124180,Rail Route,"200,000 .. 500,000",1940,219
2478970,Tomb Raider I-III Remastered Starring Lara Croft,"200,000 .. 500,000",6128,721
2786680,"Knowledge, or know Lady","200,000 .. 500,000",7303,360
401190,Dinosaur Hunt,"200,000 .. 500,000",2576,1273
1568330,Samurai Chess,"200,000 .. 500,000",25,10
1457930,Red Rage,"200,000 .. 500,000",31,10
1637140,Fishards,"200,000 .. 500,000",194,6
596970,Sunless Skies: Sovereign Edition,"200,000 .. 500,000",2806,514
431710,Space Pilgrim Episode II: Epsilon Indi,"200,000 .. 500,000",480,69
412170,City of Chains,"200,000 .. 500,000",243,92
816090,Space Hulk: Deathwing Enhanced Edition,"500,000 .. 1,000,000",7233,2757
300970,Fiesta Online NA,"200,000 .. 500,000",471,293
381990,Dragon Saga,"200,000 .. 500,000",953,519
360890,The Lost Valley,"200,000 .. 500,000",134,231
843390,Vertigo 2,"200,000 .. 500,000",2331,109
1266560,鋼鉄戦記C21,"200,000 .. 500,000",83,41
42170,Krater,"200,000 .. 500,000",506,406
1043810,Tactical Breach Wizards,"200,000 .. 500,000",9301,166
562230,Space Tyrant,"200,000 .. 500,000",511,94
2704110,Aliya: Timelink,"200,000 .. 500,000",6393,119
623280,Dungeons & Dragons: Dark Alliance,"200,000 .. 500,000",2323,2385
19000,Silent Hill Homecoming,"200,000 .. 500,000",1620,1795
648390,Marie's Room,"200,000 .. 500,000",6058,405
663380,Tales from Candlekeep: Tomb of Annihilation,"200,000 .. 500,000",1365,603
434050,Duke Nukem 3D: 20th Anniversary World Tour,"500,000 .. 1,000,000",4802,882
305260,Battle Islands,"500,000 .. 1,000,000",2604,822
1024890,Sector's Edge,"200,000 .. 500,000",2680,586
525480,.hack//G.U. Last Recode,"200,000 .. 500,000",3358,514
991170,Barn Finders,"200,000 .. 500,000",3418,729
275100,Shelter 2,"200,000 .. 500,000",3580,631
1606180,下一站江湖Ⅱ,"200,000 .. 500,000",6219,2155
1209040,Cyber Hunter,"500,000 .. 1,000,000",7919,3017
1121910,"I Love You, Colonel Sanders! A Finger Lickin’ Good Dating Simulator","200,000 .. 500,000",11583,1025
286040,Dead Effect,"200,000 .. 500,000",2707,995
366760,Adorables,"200,000 .. 500,000",913,253
503580,Duck Season,"200,000 .. 500,000",1280,232
1359090,Zero Hour,"500,000 .. 1,000,000",24924,6706
838310,Bloodstained: Curse of the Moon,"200,000 .. 500,000",4028,235
786520,SAO Utils: Beta,"200,000 .. 500,000",2634,368
1009290,SWORD ART ONLINE Alicization Lycoris,"200,000 .. 500,000",4099,2638
1510,Uplink,"500,000 .. 1,000,000",2143,216
254060,KnightShift,"200,000 .. 500,000",890,412
408900,Unfortunate Spacemen,"500,000 .. 1,000,000",6463,1031
274920,FaceRig,"500,000 .. 1,000,000",6767,1622
208520,Omerta - City of Gangsters,"200,000 .. 500,000",1554,782
371970,Barony,"500,000 .. 1,000,000",9725,786
483770,Autobahn Police Simulator 2,"200,000 .. 500,000",752,555
680780,DEATH TRAIN - Warning: Unsafe VR Experience,"500,000 .. 1,000,000",18,15
397460,The Jackbox Party Pack 2,"200,000 .. 500,000",1992,93
2890830,Streamer Life Simulator 2,"200,000 .. 500,000",4096,828
443580,Antenna,"200,000 .. 500,000",2034,637
1170950,Mortal Online 2,"500,000 .. 1,000,000",7870,5073
262120,Toy Soldiers: Complete,"200,000 .. 500,000",965,248
1857090,Norland,"200,000 .. 500,000",6247,1444
629910,Clicker Heroes 2,"200,000 .. 500,000",1500,1317
570840,家有大貓 Nekojishi,"200,000 .. 500,000",3835,299
427100,Fernbus Simulator,"500,000 .. 1,000,000",8322,2863
673750,Super Bunny Man,"500,000 .. 1,000,000",8567,1316
1769170,Shattered Pixel Dungeon,"200,000 .. 500,000",1529,77
1191210,Seek Girl Ⅲ,"200,000 .. 500,000",2410,477
2022670,SONIC SUPERSTARS,"200,000 .. 500,000",2181,989
327410,A Bird Story,"200,000 .. 500,000",8718,1558
931280,Iron Marines,"200,000 .. 500,000",1372,382
576770,Low Magic Age,"200,000 .. 500,000",2842,342
1969930,Decisive Strike,"200,000 .. 500,000",0,1
255320,Edna & Harvey: The Breakout,"200,000 .. 500,000",1396,229
1362420,Siege Survival: Gloria Victis Prologue,"200,000 .. 500,000",846,124
202130,Impire,"200,000 .. 500,000",201,242
201480,Serious Sam: The Random Encounter,"200,000 .. 500,000",391,406
773790,Ostriv,"200,000 .. 500,000",6297,329
1070580,Drift86,"200,000 .. 500,000",5444,521
1037020,ScourgeBringer,"200,000 .. 500,000",2614,381
287980,Mini Metro,"500,000 .. 1,000,000",15064,608
684450,Surviving the Aftermath,"200,000 .. 500,000",3084,1279
360830,Yooka-Laylee,"500,000 .. 1,000,000",3937,1320
444940,UBERMOSH:BLACK,"200,000 .. 500,000",306,59
529180,Dark and Light,"500,000 .. 1,000,000",6133,5557
543460,Dead Rising 4,"200,000 .. 500,000",4433,3373
1680880,Forspoken,"200,000 .. 500,000",5045,3061
1129190,Our Life: Beginnings & Always,"500,000 .. 1,000,000",12306,146
808290,Runes of Magic,"200,000 .. 500,000",967,445
703950,Just Fishing,"200,000 .. 500,000",685,236
1263370,Seek Girl:Fog Ⅰ,"200,000 .. 500,000",3961,725
2475490,Mouthwashing,"500,000 .. 1,000,000",28745,1119
320300,Car Mechanic Simulator 2015,"500,000 .. 1,000,000",13466,1106
209630,Magrunner: Dark Pulse,"200,000 .. 500,000",803,288
240440,Quadrilateral Cowboy,"200,000 .. 500,000",867,73
1218250,We Went Back,"200,000 .. 500,000",3956,671
1203710,UnMetal,"200,000 .. 500,000",2820,197
320240,We Happy Few,"500,000 .. 1,000,000",10225,3102
420110,NEKOPARA Vol. 2,"500,000 .. 1,000,000",12222,376
758370,Through the Ages,"200,000 .. 500,000",1992,198
215830,Closers,"500,000 .. 1,000,000",3297,1214
24720,SPORE Galactic Adventures,"500,000 .. 1,000,000",6439,791
218740,Pid,"500,000 .. 1,000,000",2023,402
1569580,Blue Prince,"200,000 .. 500,000",7306,1096
1010800,Wallpaper Maker （造物主视频桌面）,"200,000 .. 500,000",1277,262
1243830,Overcooked! All You Can Eat,"500,000 .. 1,000,000",4457,1684
438180,Super Mustache,"500,000 .. 1,000,000",470,173
373930,Sudden Strike 4,"200,000 .. 500,000",6094,1721
19980,Prince of Persia,"200,000 .. 500,000",2730,754
695920,Super Seducer : How to Talk to Girls,"200,000 .. 500,000",1463,301
824600,HROT,"200,000 .. 500,000",5464,167
1142130,They Can't Stop All Of Us,"200,000 .. 500,000",1219,433
1634680,Ficket: 追剧引擎,"500,000 .. 1,000,000",1495,612
1556200,Predator: Hunting Grounds,"200,000 .. 500,000",3540,1040
2440380,Megaloot,"200,000 .. 500,000",2697,966
244710,Shelter,"200,000 .. 500,000",3123,544
242820,140,"200,000 .. 500,000",4257,347
512790,Quern - Undying Thoughts,"500,000 .. 1,000,000",3248,296
1898300,ASKA,"500,000 .. 1,000,000",5660,1415
105800,PixelJunk Eden,"200,000 .. 500,000",618,163
1367550,Kingdom Rush Vengeance - Tower Defense,"500,000 .. 1,000,000",9248,545
331600,One Piece Pirate Warriors 3,"500,000 .. 1,000,000",8187,2165
2453360,Cluckmech Oasis,"200,000 .. 500,000",2836,364
2208920,Assassin's Creed Valhalla,"500,000 .. 1,000,000",21554,9420
292330,Starship Corporation,"200,000 .. 500,000",233,319
537430,Inner Chains,"200,000 .. 500,000",269,291
354290,LoveBeat,"200,000 .. 500,000",1228,402
314970,Age of Conquest IV,"500,000 .. 1,000,000",2242,506
1245250,Thrive: Heavy Lies The Crown,"500,000 .. 1,000,000",179,69
1330470,F.I.S.T.: Forged In Shadow Torch,"500,000 .. 1,000,000",5700,803
1477830,HudSight - crosshair overlay,"500,000 .. 1,000,000",4141,536
365960,rFactor 2,"500,000 .. 1,000,000",6766,1774
1318690,shapez,"200,000 .. 500,000",13165,516
1102130,Florence,"200,000 .. 500,000",13301,936
1674170,Sprocket,"200,000 .. 500,000",9979,666
891040,Pool 2D - Poolians,"500,000 .. 1,000,000",8222,1216
1353300,Idle Slayer,"500,000 .. 1,000,000",7488,1279
1227650,Bang-On Balls: Chronicles,"200,000 .. 500,000",4599,172
20820,Shatter,"200,000 .. 500,000",1209,81
285920,TerraTech,"500,000 .. 1,000,000",21368,2042
1026680,FINAL FANTASY VIII - REMASTERED,"500,000 .. 1,000,000",3363,1239
331470,Everlasting Summer,"500,000 .. 1,000,000",71592,3922
910490,Killsquad,"200,000 .. 500,000",2455,1037
285330,RollerCoaster Tycoon 2: Triple Thrill Pack,"500,000 .. 1,000,000",4864,581
247430,Hitman: Contracts,"500,000 .. 1,000,000",2680,406
476460,Picross Touch,"200,000 .. 500,000",1595,96
1622910,Still Wakes the Deep,"200,000 .. 500,000",6001,722
1261040,Streamer Life Simulator,"200,000 .. 500,000",5770,1718
228360,Full Throttle Remastered,"200,000 .. 500,000",2679,231
345350,LIGHTNING RETURNS: FINAL FANTASY XIII,"200,000 .. 500,000",3508,919
386010,Steambirds Alliance,"200,000 .. 500,000",935,298
449960,Book of Demons,"500,000 .. 1,000,000",9539,2413
574720,Little Big Workshop,"200,000 .. 500,000",2731,535
696170,SENRAN KAGURA Peach Beach Splash,"200,000 .. 500,000",3350,790
1166290,Death and Taxes,"500,000 .. 1,000,000",6106,922
314020,Morphopolis,"500,000 .. 1,000,000",4018,811
269670,BADLAND: Game of the Year Edition,"200,000 .. 500,000",2637,440
1250760,Far Away,"200,000 .. 500,000",7173,187
1444740,Maniac Path,"500,000 .. 1,000,000",10,4
1249800,Xuan-Yuan Sword VII,"500,000 .. 1,000,000",5949,3535
604540,Empire of Sin,"200,000 .. 500,000",2840,3174
580910,idleBeer,"200,000 .. 500,000",16,40
1144170,Warhammer: Chaos And Conquest,"200,000 .. 500,000",617,521
257730,Infinity Wars: Animated Trading Card Game,"500,000 .. 1,000,000",2675,792
2667500,World War Next,"200,000 .. 500,000",46,40
238280,Legend of Dungeon,"200,000 .. 500,000",1189,437
347830,Fairy Fencer F,"200,000 .. 500,000",2106,248
553310,Lethal League Blaze,"200,000 .. 500,000",6209,200
607080,Psychonauts 2,"500,000 .. 1,000,000",12433,510
1098293,DOOM Eternal: The Ancient Gods - Part Two,"200,000 .. 500,000",3121,2016
421060,Age of Steel: Recharge,"200,000 .. 500,000",256,77
1262060,Battle Ram,"200,000 .. 500,000",279,38
962580,Summer in Mara,"200,000 .. 500,000",1460,472
529920,Resurgence,"500,000 .. 1,000,000",12,10
435400,Hidden Folks,"200,000 .. 500,000",8952,309
1230570,Shotgun n  Zombies,"200,000 .. 500,000",5,4
335670,LISA: The Painful,"500,000 .. 1,000,000",13949,644
555670,Infinitum,"200,000 .. 500,000",250,54
1180660,Tell Me Why,"500,000 .. 1,000,000",11457,2426
557400,Midas Gold Plus,"200,000 .. 500,000",1505,250
274290,Gods Will Be Watching,"500,000 .. 1,000,000",2030,851
272270,Torment: Tides of Numenera,"200,000 .. 500,000",2993,1260
604330,The Crown of Leaves,"200,000 .. 500,000",2003,89
801550,VAIL VR,"200,000 .. 500,000",2178,636
267530,The LEGO Movie - Videogame,"500,000 .. 1,000,000",4571,693
610180,The Jackbox Party Pack 4,"200,000 .. 500,000",3085,163
690810,Killing Floor: Incursion,"200,000 .. 500,000",514,499
1061880,Conan Chop Chop,"200,000 .. 500,000",452,295
1374840,Dark Deity,"200,000 .. 500,000",1995,758
213030,Penny Arcade's On the Rain-Slick Precipice of Darkness 3,"200,000 .. 500,000",497,86
213850,Magic 2014 — Duels of the Planeswalkers,"500,000 .. 1,000,000",3783,796
6300,Dreamfall: The Longest Journey,"200,000 .. 500,000",970,182
297020,The Culling Of The Cows,"200,000 .. 500,000",2557,879
1239080,Door Kickers 2: Task Force North,"200,000 .. 500,000",10389,459
339400,Runestone Keeper,"200,000 .. 500,000",2071,379
209060,Drunken Robot Pornography,"200,000 .. 500,000",548,108
312450,Order of Battle: World War II,"200,000 .. 500,000",2350,652
934780,American Fugitive,"200,000 .. 500,000",2308,780
298050,Master of Orion,"500,000 .. 1,000,000",6076,1842
354140,Five Nights at Freddy's 3,"500,000 .. 1,000,000",9083,999
374080,Falcon,"200,000 .. 500,000",13,5
2173740,DYNAMIC,"200,000 .. 500,000",3,0
918820,Headliner: NoviNews,"200,000 .. 500,000",681,81
331480,Pinstripe,"200,000 .. 500,000",2255,271
383270,Hue,"500,000 .. 1,000,000",9736,788
414580,Uriel's Chasm 2: את,"200,000 .. 500,000",126,243
33530,Tropico Reloaded,"200,000 .. 500,000",445,61
3168200,Subzero Stealth,"200,000 .. 500,000",10,0
476620,Call of Duty: WWII,"500,000 .. 1,000,000",11394,8523
807120,Iratus: Lord of the Dead,"500,000 .. 1,000,000",6694,1116
430210,Megaton Rainfall,"200,000 .. 500,000",1468,588
843810,A Perfect Day,"200,000 .. 500,000",1474,260
108200,Ticket to Ride: Classic Edition,"500,000 .. 1,000,000",4628,755
233980,UnEpic,"500,000 .. 1,000,000",7297,687
275200,Westerado: Double Barreled,"200,000 .. 500,000",1713,162
31290,Back to the Future: The Game,"500,000 .. 1,000,000",2052,271
977880,Eastward,"500,000 .. 1,000,000",13339,2501
2069900,Maurice: In The Predator's Nest,"200,000 .. 500,000",1465,443
1863750,挂机神话,"200,000 .. 500,000",1558,164
1179680,Wurm Online,"500,000 .. 1,000,000",1444,884
1341820,As Dusk Falls,"200,000 .. 500,000",3005,302
292370,DarkEnd,"200,000 .. 500,000",185,171
317470,Cubic Castles,"500,000 .. 1,000,000",3172,1108
327070,Gloria Victis: Medieval MMORPG,"200,000 .. 500,000",7014,3324
315430,Polarity,"500,000 .. 1,000,000",3721,969
22350,BRINK,"500,000 .. 1,000,000",4999,2954
915810,Midnight Ghost Hunt,"200,000 .. 500,000",5712,1727
673610,Airport CEO,"500,000 .. 1,000,000",6433,1251
1485590,ENDLESS Dungeon - Definitive Edition,"200,000 .. 500,000",2355,1249
743390,DISTRAINT 2,"200,000 .. 500,000",4171,185
267130,Star Swarm Stress Test,"200,000 .. 500,000",299,32
588210,HELLION,"200,000 .. 500,000",2297,1851
1683370,Blocky Dungeon,"200,000 .. 500,000",66,9
231200,Kentucky Route Zero: PC Edition,"200,000 .. 500,000",3346,812
1257360,Bloodstained: Curse of the Moon 2,"200,000 .. 500,000",1269,217
2269120,The Dark Side Of Mars,"200,000 .. 500,000",2,2
1164940,Trepang2,"500,000 .. 1,000,000",13059,917
683900,RollerCoaster Tycoon Classic,"200,000 .. 500,000",2334,237
3157850,洪荒西行录,"200,000 .. 500,000",21,6
204530,Infested Planet,"200,000 .. 500,000",2767,190
1889040,Birth,"200,000 .. 500,000",3037,115
387970,Clown House (Palyaço Evi),"200,000 .. 500,000",596,580
1470940,STAR FLEET II - Krellan Commander Version 2.0,"200,000 .. 500,000",59,1
200940,Sonic CD,"500,000 .. 1,000,000",4871,561
577460,Zoop! - Hunter's Grimm,"200,000 .. 500,000",192,128
508390,Scrap Garden - The Day Before,"200,000 .. 500,000",749,240
315260,Space Hack,"200,000 .. 500,000",348,449
427250,8-Bit Armies,"200,000 .. 500,000",1982,437
255420,Magic 2015 - Duels of the Planeswalkers,"200,000 .. 500,000",1817,2190
1601580,Frostpunk 2,"500,000 .. 1,000,000",16477,5151
474750,Reigns,"500,000 .. 1,000,000",6917,1002
270450,Robot Roller-Derby Disco Dodgeball,"200,000 .. 500,000",3572,292
1522870,Supraland Six Inches Under,"500,000 .. 1,000,000",3366,124
861650,Session: Skate Sim,"500,000 .. 1,000,000",12016,2383
22330,The Elder Scrolls IV: Oblivion Game of the Year Edition (2009),"2,000,000 .. 5,000,000",48307,2354
750920,Shadow of the Tomb Raider: Definitive Edition,"2,000,000 .. 5,000,000",66684,12759
285900,Gang Beasts,"2,000,000 .. 5,000,000",51267,9003
436520,Line of Sight,"2,000,000 .. 5,000,000",5402,3653
389570,Mitos.is: The Game,"2,000,000 .. 5,000,000",9560,2271
239030,"Papers, Please","2,000,000 .. 5,000,000",72168,2019
99900,Spiral Knights,"2,000,000 .. 5,000,000",19869,3789
1277400,Monster Hunter Stories 2: Wings of Ruin,"2,000,000 .. 5,000,000",13186,2801
236110,Dungeon Defenders II,"2,000,000 .. 5,000,000",16882,4941
312990,The Expendabros,"2,000,000 .. 5,000,000",17661,513
782330,DOOM Eternal,"5,000,000 .. 10,000,000",187807,18219
1222680,Need for Speed Heat,"2,000,000 .. 5,000,000",111482,21373
880940,Pummel Party,"2,000,000 .. 5,000,000",47800,6014
12120,Grand Theft Auto: San Andreas,"2,000,000 .. 5,000,000",76056,6573
815370,Green Hell,"2,000,000 .. 5,000,000",69304,11300
1716740,Starfield,"2,000,000 .. 5,000,000",93942,71585
224600,Defiance,"2,000,000 .. 5,000,000",9676,2964
493340,Planet Coaster,"2,000,000 .. 5,000,000",64131,6147
613010,Secret in Story,"2,000,000 .. 5,000,000",79,35
1238840,Battlefield 1,"5,000,000 .. 10,000,000",166775,26046
115300,Call of Duty: Modern Warfare 3 (2011),"2,000,000 .. 5,000,000",33647,4306
620980,Beat Saber,"2,000,000 .. 5,000,000",71341,3271
244850,Space Engineers,"2,000,000 .. 5,000,000",117204,15143
287700,METAL GEAR SOLID V: THE PHANTOM PAIN,"2,000,000 .. 5,000,000",91675,8247
736590,Operation: Harsh Doorstop,"2,000,000 .. 5,000,000",14167,4253
1366800,Crosshair X,"2,000,000 .. 5,000,000",29275,2077
224260,No More Room in Hell,"5,000,000 .. 10,000,000",66753,7500
241930,Middle-earth: Shadow of Mordor,"5,000,000 .. 10,000,000",83849,6866
1366540,Dyson Sphere Program,"2,000,000 .. 5,000,000",83095,1993
460930,Tom Clancy's Ghost Recon Wildlands,"2,000,000 .. 5,000,000",77138,19439
1371980,No Rest for the Wicked,"2,000,000 .. 5,000,000",39563,10970
588650,Dead Cells,"5,000,000 .. 10,000,000",163549,4915
394360,Hearts of Iron IV,"5,000,000 .. 10,000,000",305168,36982
698780,Doki Doki Literature Club!,"5,000,000 .. 10,000,000",203247,7470
493520,GTFO,"2,000,000 .. 5,000,000",52357,9740
365450,Hacknet,"2,000,000 .. 5,000,000",23511,1604
1551360,Forza Horizon 5,"5,000,000 .. 10,000,000",199950,25679
223710,Cry of Fear,"5,000,000 .. 10,000,000",65852,8556
20920,The Witcher 2: Assassins of Kings Enhanced Edition,"2,000,000 .. 5,000,000",77950,9114
1289310,Helltaker,"2,000,000 .. 5,000,000",122115,2803
13520,Far Cry,"2,000,000 .. 5,000,000",8406,1853
1167630,Teardown,"2,000,000 .. 5,000,000",104653,4809
424840,Little Nightmares,"5,000,000 .. 10,000,000",104472,5724
261570,Ori and the Blind Forest,"2,000,000 .. 5,000,000",54150,3262
250900,The Binding of Isaac: Rebirth,"5,000,000 .. 10,000,000",334165,9255
601150,Devil May Cry 5,"5,000,000 .. 10,000,000",140260,5873
482730,Football Manager 2017,"2,000,000 .. 5,000,000",6576,4465
203290,America's Army: Proving Grounds,"2,000,000 .. 5,000,000",8637,2315
437900,Party Jousting,"2,000,000 .. 5,000,000",662,61
500,Left 4 Dead,"5,000,000 .. 10,000,000",59622,2272
252130,Divide By Sheep,"2,000,000 .. 5,000,000",2376,246
883710,Resident Evil 2,"5,000,000 .. 10,000,000",167647,5210
439190,Stories: The Path of Destinies,"2,000,000 .. 5,000,000",5754,767
439700,Z1 Battle Royale: Test Server,"5,000,000 .. 10,000,000",1341,1224
1811260,EA SPORTS FIFA 23,"5,000,000 .. 10,000,000",86192,65227
298110,Far Cry 4,"2,000,000 .. 5,000,000",51618,9649
640820,Pathfinder: Kingmaker — Enhanced Plus Edition,"2,000,000 .. 5,000,000",26001,7420
1128810,RISK: Global Domination,"2,000,000 .. 5,000,000",31060,7783
245170,Skullgirls 2nd Encore,"2,000,000 .. 5,000,000",29623,11230
812140,Assassin's Creed Odyssey,"5,000,000 .. 10,000,000",153091,19102
233450,Prison Architect,"5,000,000 .. 10,000,000",64439,7891
581320,Insurgency: Sandstorm,"2,000,000 .. 5,000,000",107857,19061
1771300,Kingdom Come: Deliverance II,"2,000,000 .. 5,000,000",96279,6058
305620,The Long Dark,"2,000,000 .. 5,000,000",101846,10729
2630,Call of Duty 2,"5,000,000 .. 10,000,000",9804,670
1404210,Red Dead Online,"2,000,000 .. 5,000,000",55526,11255
286570,F1 2015,"2,000,000 .. 5,000,000",4720,3172
438740,Friday the 13th: The Game,"2,000,000 .. 5,000,000",62069,15444
2379780,Balatro,"2,000,000 .. 5,000,000",150524,3042
513710,SCUM,"5,000,000 .. 10,000,000",83704,28411
367500,Dragon's Dogma: Dark Arisen,"2,000,000 .. 5,000,000",41310,5376
380,Half-Life 2: Episode One,"5,000,000 .. 10,000,000",30478,1344
268050,The Evil Within,"2,000,000 .. 5,000,000",25820,4485
952060,Resident Evil 3,"2,000,000 .. 5,000,000",74536,16699
585690,Minimalism,"2,000,000 .. 5,000,000",1276,465
360,Half-Life Deathmatch: Source,"5,000,000 .. 10,000,000",3657,1242
50620,Darksiders,"2,000,000 .. 5,000,000",11074,1328
2399830,ARK: Survival Ascended,"2,000,000 .. 5,000,000",44880,31115
1677740,Stumble Guys,"5,000,000 .. 10,000,000",108841,19170
1446780,MONSTER HUNTER RISE,"5,000,000 .. 10,000,000",92564,20108
209000,Batman: Arkham Origins,"2,000,000 .. 5,000,000",51192,6071
232770,POSTAL,"2,000,000 .. 5,000,000",10023,1000
1142710,Total War: WARHAMMER III,"2,000,000 .. 5,000,000",87141,32717
323580,Jotun: Valhalla Edition,"2,000,000 .. 5,000,000",6536,1905
678950,DRAGON BALL FighterZ,"2,000,000 .. 5,000,000",65978,6998
858820,Tribes of Midgard,"2,000,000 .. 5,000,000",17197,5278
42700,Call of Duty: Black Ops,"2,000,000 .. 5,000,000",36530,3695
32370,STAR WARS Knights of the Old Republic,"2,000,000 .. 5,000,000",28928,2810
1313140,Cult of the Lamb,"2,000,000 .. 5,000,000",98711,4517
1237970,Titanfall 2,"5,000,000 .. 10,000,000",244524,11664
1049590,Eternal Return,"5,000,000 .. 10,000,000",51694,13352
674020,World War 3,"2,000,000 .. 5,000,000",29495,25034
1222140,Detroit: Become Human,"2,000,000 .. 5,000,000",162047,7152
630,Alien Swarm,"2,000,000 .. 5,000,000",20179,1095
1056960,Wolfenstein: Youngblood,"2,000,000 .. 5,000,000",6360,8083
1557740,ROUNDS,"2,000,000 .. 5,000,000",34893,1765
274190,Broforce,"2,000,000 .. 5,000,000",57080,1800
620,Portal 2,"5,000,000 .. 10,000,000",427835,5675
242920,Banished,"2,000,000 .. 5,000,000",38173,4073
1222700,A Way Out,"2,000,000 .. 5,000,000",72313,10149
379430,Kingdom Come: Deliverance,"2,000,000 .. 5,000,000",136446,25760
976730,Halo: The Master Chief Collection,"5,000,000 .. 10,000,000",223635,18432
240720,Getting Over It with Bennett Foddy,"2,000,000 .. 5,000,000",63479,13524
221380,Age of Empires II (Retired),"5,000,000 .. 10,000,000",97083,4268
508440,Totally Accurate Battle Simulator,"2,000,000 .. 5,000,000",132974,2969
1399780,Spellbreak,"2,000,000 .. 5,000,000",12119,1887
767560,War Robots,"5,000,000 .. 10,000,000",15951,10624
8870,BioShock Infinite,"2,000,000 .. 5,000,000",131970,8712
270880,American Truck Simulator,"2,000,000 .. 5,000,000",169735,5552
397900,Business Tour - Board Game with Online Multiplayer,"5,000,000 .. 10,000,000",46567,30205
630100,SoulWorker - Anime Action MMO,"2,000,000 .. 5,000,000",11048,2901
110800,L.A. Noire,"2,000,000 .. 5,000,000",29214,4812
582660,Black Desert,"5,000,000 .. 10,000,000",64416,22503
629520,Soundpad,"2,000,000 .. 5,000,000",84918,3466
48700,Mount & Blade: Warband,"5,000,000 .. 10,000,000",162632,3773
2709570,Supermarket Together,"2,000,000 .. 5,000,000",63994,3441
1089350,NBA 2K20,"5,000,000 .. 10,000,000",30260,30413
524220,NieR:Automata,"2,000,000 .. 5,000,000",122027,18142
203160,Tomb Raider Game of the Year,"5,000,000 .. 10,000,000",238239,9691
1158310,Crusader Kings III,"2,000,000 .. 5,000,000",114259,12650
370910,Kathy Rain,"5,000,000 .. 10,000,000",3478,300
113020,Monaco: What's Yours Is Mine,"2,000,000 .. 5,000,000",7728,800
686810,Hell Let Loose,"2,000,000 .. 5,000,000",113447,24230
1057240,Crucible Beta,"2,000,000 .. 5,000,000",4624,6120
235460,METAL GEAR RISING: REVENGEANCE,"2,000,000 .. 5,000,000",79993,3300
420,Half-Life 2: Episode Two,"5,000,000 .. 10,000,000",40556,1226
761890,Albion Online,"2,000,000 .. 5,000,000",65583,17491
637650,FINAL FANTASY XV WINDOWS EDITION,"2,000,000 .. 5,000,000",44632,9056
613100,House Flipper,"2,000,000 .. 5,000,000",89596,5548
284160,BeamNG.drive,"5,000,000 .. 10,000,000",313873,8405
554620,Life is Strange: Before the Storm,"2,000,000 .. 5,000,000",34787,2506
1030830,Mafia II: Definitive Edition,"2,000,000 .. 5,000,000",21955,8309
8980,Borderlands Game of the Year,"2,000,000 .. 5,000,000",28944,3579
977950,A Dance of Fire and Ice,"2,000,000 .. 5,000,000",69052,4419
220240,Far Cry 3,"2,000,000 .. 5,000,000",101914,12105
433340,Slime Rancher,"2,000,000 .. 5,000,000",135271,2826
1361210,"Warhammer 40,000: Darktide","2,000,000 .. 5,000,000",80268,32692
844870,KurtzPel,"5,000,000 .. 10,000,000",20936,13480
356190,Middle-earth: Shadow of War,"2,000,000 .. 5,000,000",95053,12165
242050,Assassin’s Creed IV Black Flag,"5,000,000 .. 10,000,000",62942,8129
1604030,V Rising,"5,000,000 .. 10,000,000",106197,13243
1304930,The Outlast Trials,"2,000,000 .. 5,000,000",62533,4423
223470,POSTAL 2,"5,000,000 .. 10,000,000",112414,3644
359320,Elite Dangerous,"2,000,000 .. 5,000,000",77388,22636
2551020,One-armed robber,"2,000,000 .. 5,000,000",35393,3335
632470,Disco Elysium - The Final Cut,"2,000,000 .. 5,000,000",104010,7702
611500,Quake Champions,"2,000,000 .. 5,000,000",28297,10068
242720,GunZ 2: The Second Duel,"2,000,000 .. 5,000,000",7055,3622
307690,Sleeping Dogs: Definitive Edition,"2,000,000 .. 5,000,000",64644,4385
552520,Far Cry 5,"2,000,000 .. 5,000,000",140377,33100
15620,"Warhammer 40,000: Dawn of War II - Anniversary Edition (Classic)","2,000,000 .. 5,000,000",11298,1476
1903340,Clair Obscur: Expedition 33,"2,000,000 .. 5,000,000",106216,4816
302830,BLOCKADE 3D,"2,000,000 .. 5,000,000",14974,10584
646570,Slay the Spire,"5,000,000 .. 10,000,000",178250,4027
1904540,Football Manager 2023,"2,000,000 .. 5,000,000",17645,2012
355840,Survarium,"2,000,000 .. 5,000,000",13832,11623
412020,Metro Exodus,"2,000,000 .. 5,000,000",108945,12370
409720,BioShock 2 Remastered,"2,000,000 .. 5,000,000",18860,7762
351940,The Descendant,"2,000,000 .. 5,000,000",6312,811
380600,Fishing Planet,"5,000,000 .. 10,000,000",57004,8695
1029690,Sniper Elite 5,"2,000,000 .. 5,000,000",18453,3750
871720,Ultimate Custom Night,"2,000,000 .. 5,000,000",55394,2879
40800,Super Meat Boy,"2,000,000 .. 5,000,000",33571,1923
701160,Kingdom Two Crowns,"2,000,000 .. 5,000,000",6244,819
65930,The Bureau: XCOM Declassified,"2,000,000 .. 5,000,000",8277,3509
644560,Mirror,"2,000,000 .. 5,000,000",80419,2554
47870,Need For Speed: Hot Pursuit,"2,000,000 .. 5,000,000",16490,3487
368500,Assassin's Creed Syndicate,"2,000,000 .. 5,000,000",23779,5900
949230,Cities: Skylines II,"2,000,000 .. 5,000,000",38697,34827
1868140,DAVE THE DIVER,"5,000,000 .. 10,000,000",125422,3909
211820,Starbound,"2,000,000 .. 5,000,000",152150,12756
1943950,Escape the Backrooms,"2,000,000 .. 5,000,000",93330,9199
2835570,Buckshot Roulette,"2,000,000 .. 5,000,000",91745,3796
1184370,Pathfinder: Wrath of the Righteous - Enhanced Edition,"2,000,000 .. 5,000,000",32303,6193
278360,A Story About My Uncle,"5,000,000 .. 10,000,000",26479,2437
1260320,Party Animals,"2,000,000 .. 5,000,000",50198,13834
310950,Street Fighter V,"2,000,000 .. 5,000,000",29529,14122
1286830,STAR WARS: The Old Republic,"5,000,000 .. 10,000,000",60864,7088
238460,BattleBlock Theater,"2,000,000 .. 5,000,000",69617,1997
975370,Dwarf Fortress,"2,000,000 .. 5,000,000",27134,1445
602960,Barotrauma,"2,000,000 .. 5,000,000",70694,4640
1217060,Gunfire Reborn,"2,000,000 .. 5,000,000",92655,6517
788100,Neon Abyss,"2,000,000 .. 5,000,000",19957,3183
363970,Clicker Heroes,"5,000,000 .. 10,000,000",54989,6315
1569040,Football Manager 2022,"2,000,000 .. 5,000,000",19861,1599
2881650,Content Warning,"5,000,000 .. 10,000,000",137483,7608
1520470,封灵档案,"2,000,000 .. 5,000,000",21945,4737
1824220,Chivalry 2,"2,000,000 .. 5,000,000",37673,9288
12100,Grand Theft Auto III,"2,000,000 .. 5,000,000",12654,1946
244210,Assetto Corsa,"5,000,000 .. 10,000,000",140238,11153
466560,Northgard: Definitive Edition,"2,000,000 .. 5,000,000",55844,8851
212070,Star Conflict,"2,000,000 .. 5,000,000",10879,3974
234650,Shadowrun Returns,"2,000,000 .. 5,000,000",11833,1549
232090,Killing Floor 2,"2,000,000 .. 5,000,000",111325,15541
427730,Who's Your Daddy?!,"2,000,000 .. 5,000,000",24318,6091
813780,Age of Empires II: Definitive Edition,"2,000,000 .. 5,000,000",154061,8401
285800,Braveland,"5,000,000 .. 10,000,000",2555,577
976310,Mortal Kombat 11,"2,000,000 .. 5,000,000",93635,12646
1942280,Brotato,"2,000,000 .. 5,000,000",94525,3276
407530,ARK: Survival Of The Fittest,"2,000,000 .. 5,000,000",7766,3926
212500,The Lord of the Rings Online,"2,000,000 .. 5,000,000",17099,3896
700330,SCP: Secret Laboratory,"5,000,000 .. 10,000,000",195923,18386
374320,DARK SOULS III,"5,000,000 .. 10,000,000",390326,23449
307780,Mortal Kombat X,"2,000,000 .. 5,000,000",48077,8175
33930,Arma 2: Operation Arrowhead,"2,000,000 .. 5,000,000",20414,1676
213670,South Park: The Stick of Truth,"2,000,000 .. 5,000,000",66636,1669
485510,Nioh: Complete Edition,"2,000,000 .. 5,000,000",27867,7025
365670,Blender,"5,000,000 .. 10,000,000",70186,2695
233860,Kenshi,"2,000,000 .. 5,000,000",93712,4423
275390,Guacamelee! Super Turbo Championship Edition,"5,000,000 .. 10,000,000",6234,499
466240,Deceit,"5,000,000 .. 10,000,000",73606,19421
1363080,Manor Lords,"2,000,000 .. 5,000,000",62224,9896
594570,Total War: WARHAMMER II,"5,000,000 .. 10,000,000",114776,9476
4560,Company of Heroes - Legacy Edition,"2,000,000 .. 5,000,000",6540,457
1284210,Guild Wars 2,"2,000,000 .. 5,000,000",19151,2392
645630,Car Mechanic Simulator 2018,"2,000,000 .. 5,000,000",47065,4456
606150,Moonlighter,"2,000,000 .. 5,000,000",16395,3518
368230,Kingdom: Classic,"2,000,000 .. 5,000,000",20023,2065
212160,Vindictus,"2,000,000 .. 5,000,000",5300,2563
1057090,Ori and the Will of the Wisps,"2,000,000 .. 5,000,000",131989,4701
534380,Dying Light 2 Stay Human: Reloaded Edition,"5,000,000 .. 10,000,000",154122,40708
24240,PAYDAY The Heist,"2,000,000 .. 5,000,000",37570,2653
17390,SPORE,"2,000,000 .. 5,000,000",61124,4996
1100600,Football Manager 2020,"5,000,000 .. 10,000,000",28341,3401
40,Deathmatch Classic,"5,000,000 .. 10,000,000",2618,545
201810,Wolfenstein: The New Order,"2,000,000 .. 5,000,000",51691,4778
221910,The Stanley Parable,"2,000,000 .. 5,000,000",41582,3400
355180,Codename CURE,"2,000,000 .. 5,000,000",13960,2518
72850,The Elder Scrolls V: Skyrim,"5,000,000 .. 10,000,000",300915,16364
208090,Loadout,"5,000,000 .. 10,000,000",34218,5094
1818750,MultiVersus,"5,000,000 .. 10,000,000",90318,27894
219150,Hotline Miami,"2,000,000 .. 5,000,000",103599,3058
55150,"Warhammer 40,000: Space Marine - Anniversary Edition","2,000,000 .. 5,000,000",27915,2501
22370,Fallout 3: Game of the Year Edition,"2,000,000 .. 5,000,000",41078,9515
550900,Metin2,"2,000,000 .. 5,000,000",10212,4355
2050650,Resident Evil 4,"5,000,000 .. 10,000,000",177539,4169
236850,Europa Universalis IV,"5,000,000 .. 10,000,000",116432,18004
335240,Transformice,"2,000,000 .. 5,000,000",24320,3341
683320,GRIS,"2,000,000 .. 5,000,000",80404,3044
204360,Castle Crashers,"5,000,000 .. 10,000,000",120733,4865
265590,The Red Solstice,"2,000,000 .. 5,000,000",1772,729
282140,SOMA,"2,000,000 .. 5,000,000",43530,1835
1145360,Hades,"5,000,000 .. 10,000,000",274829,4912
236870,HITMAN,"2,000,000 .. 5,000,000",30973,6227
1274570,DEVOUR,"2,000,000 .. 5,000,000",75057,7457
6860,Hitman: Blood Money,"2,000,000 .. 5,000,000",13213,821
346900,AdVenture Capitalist,"5,000,000 .. 10,000,000",51968,7198
259080,Just Cause 2: Multiplayer Mod,"2,000,000 .. 5,000,000",13558,1246
629760,MORDHAU,"2,000,000 .. 5,000,000",90102,22098
22380,Fallout: New Vegas,"5,000,000 .. 10,000,000",218763,8937
