name,hltb_id,hltb_main,hltb_extra,hltb_complete,similarity,game_name_found,release_year,platform,error
Dawn of Defiance,,0.0,,0.0,1.0,Dawn of Defiance,,,
Folie Fatale,,0.0,,0.0,1.0,Folie Fatale,,,
Escape,,0.0,,0.0,1.0,Escape,,,
breakfive,,,,,0.0,,,,
Shady Part of Me,,5.14,,6.69,1.0,Shady Part of Me,,,
N1L (No1Lives),,,,,0.0,,,,
Faith Of Life _ Survive Edition,,,,,0.0,,,,
Hiking Simulator 2018,,0.0,,0.0,1.0,Hiking Simulator 2018,,,
Saleblazers,,76.62,,0.0,1.0,Saleblazers,,,
Astro Sentai Jarbonder,,,,,0.0,,,,
The Order of the Snake Scale,,,,,0.0,,,,
John Wick Hex,,7.55,,18.98,1.0,John Wick Hex,,,
Dragon's Lair,,,,,0.0,,,,"('Connection aborted.', ConnectionResetError(10054, 'Удаленный хост принудительно разорвал существующее подключение', None, 10054, None))"
Village Feud,,,,,0.0,,,,
Pyramid Runner,,4.05,,0.0,1.0,Pyramid Runner,,,
This Grand Life,,1.0,,12.87,1.0,This Grand Life,,,
Era of Miracles,,0.0,,0.0,1.0,Era of Miracles,,,
Blaster Shooter GunGuy!,,,,,0.0,,,,
Island Dash,,0.08,,0.16,1.0,Island Dash,,,
Naval Armada: Fleet Battle,,,,,0.0,,,,
Deadly Nightmare,,,,,0.0,,,,
Tetrobot and Co.,,9.0,,15.75,1.0,Tetrobot and Co.,,,
The Curse of the Demon Tree,,,,,0.0,,,,
Ratten Reich,,0.0,,0.0,1.0,Ratten Reich,,,
A Summer's End - Hong Kong 1986,,5.39,,7.31,1.0,A Summer's End - Hong Kong 1986,,,
魔塔地牢,,,,,0.0,,,,
Wanba Warriors,,2.35,,0.0,1.0,Wanba Warriors,,,
Survivors of the Dawn,,0.0,,16.95,0.9047619047619048,Survivors Of The Dawn,,,
Snapshot,,4.5,,20.24,1.0,Snapshot,,,
Barro F22,,0.0,,1.64,1.0,Barro F22,,,
Blueshift,,0.0,,0.0,1.0,Blueshift,,,
Snik,,0.0,,9.83,1.0,Snik,,,
Liquidators,,0.91,,0.0,1.0,Liquidators,,,
Conarium,,4.07,,5.58,1.0,Conarium,,,
100 hidden mushrooms,,0.12,,0.15,0.9,100 Hidden Mushrooms,,,
Sine Mora EX,,2.61,,15.41,1.0,Sine Mora EX,,,
Shantae and the Pirate's Curse,,8.11,,10.47,1.0,Shantae and the Pirate's Curse,,,
The Swine,,0.71,,0.77,1.0,The Swine,,,
Soundboxing,,0.0,,0.0,1.0,Soundboxing,,,
"That Dragon, Cancer",,1.85,,2.05,1.0,"That Dragon, Cancer",,,
House of Rules,,0.0,,0.0,1.0,House of Rules,,,
Pro Gamer Manager,,0.0,,0.0,1.0,Pro Gamer Manager,,,
UFO: Henfield,,,,,0.0,,,,
Astro Joust,,,,,0.0,,,,
Wurroom,,0.24,,0.26,1.0,Wurroom,,,
Pro 11 - Football Manager Game,,,,,0.0,,,,
Base One,,6.73,,0.0,1.0,Base One,,,
Fortune's Run,,0.0,,0.0,1.0,Fortune's Run,,,
Hide Or Die,,0.0,,0.0,1.0,Hide Or Die,,,
Sinned,,,,,0.0,,,,
Blood of the Werewolf,,4.76,,0.0,1.0,Blood of the Werewolf,,,
Motorcycle Mechanic Simulator 2021,,20.0,,26.42,1.0,Motorcycle Mechanic Simulator 2021,,,
Aurora: A Child's Journey,,0.26,,0.28,1.0,Aurora: A Child's Journey,,,
Avalanche 2: Super Avalanche,,4.62,,11.0,1.0,Avalanche 2: Super Avalanche,,,
Wild Workshop,,,,,0.0,,,,
Celadon,,,,,0.0,,,,
Wartune Reborn,,0.0,,0.0,1.0,Wartune Reborn,,,
Shape Shifter,,0.0,,0.0,1.0,Shape Shifter,,,
Sea Power : Naval Combat in the Missile Age,,,,,0.0,,,,
Batman: Arkham City,,12.44,,45.88,1.0,Batman: Arkham City,,,
ALICE VR,,2.85,,0.0,0.5,Alice VR,,,
The Devils - A Visual Novel Of WWII,,,,,0.0,,,,
KillSteel,,,,,0.0,,,,
Drakensang: The River of Time,,27.42,,53.08,1.0,Drakensang: The River of Time,,,
Hexologic,,2.18,,4.9,1.0,Hexologic,,,
Hope Lake,,2.83,,3.89,1.0,Hope Lake,,,
Paranormal State: Poison Spring,,3.99,,6.39,1.0,Paranormal State: Poison Spring,,,
TVs: The Awakening,,0.9,,0.0,1.0,TVs: The Awakening,,,
Demon Blast,,,,,0.0,,,,
Realities,,0.0,,0.0,1.0,Realities,,,
Awesome Metal Detecting,,0.0,,0.0,1.0,Awesome Metal Detecting,,,
Family Man,,4.0,,7.83,1.0,Family Man,,,
Corpse Party (2021),,,,,0.0,,,,
Blazing Chrome,,2.42,,9.06,1.0,Blazing Chrome,,,
Amazing Frog? 2,,,,,0.0,,,,
MARVEL vs. CAPCOM Fighting Collection: Arcade Classics,,6.25,,14.84,0.8148148148148148,Marvel vs. Capcom Fighting Collection: Arcade Classics,,,
Slash or Die,,0.0,,5.0,1.0,Slash or Die,,,
Zoo 2: Animal Park,,0.0,,0.0,1.0,Zoo 2: Animal Park,,,
REMEDIUM,,8.0,,13.18,0.5925925925925926,REMEDIUM: Sentinels,,,
Super Galaxy Squadron EX Turbo,,1.19,,4.1,1.0,Super Galaxy Squadron EX Turbo,,,
Bonsai,,0.0,,46.3,1.0,Bonsai,,,
Dakar Desert Rally,,19.33,,0.0,1.0,Dakar Desert Rally,,,
UNI,,,,,0.0,,,,
The Swindle,,10.1,,51.72,1.0,The Swindle,,,
I am Setsuna,,20.35,,44.57,0.9166666666666666,I Am Setsuna,,,
Wizard Warfare,,0.0,,0.0,1.0,Wizard Warfare,,,
Mechs V Kaijus - Tower Defense,,,,,0.0,,,,
Super Space Pug,,1.43,,1.83,1.0,Super Space Pug,,,
TeraBlaster,,0.0,,0.0,1.0,TeraBlaster,,,
Everreach: Project Eden,,4.24,,6.35,1.0,Everreach: Project Eden,,,
Card Survival: Tropical Island,,60.0,,0.0,1.0,Card Survival: Tropical Island,,,
Beeswing,,1.35,,2.0,1.0,Beeswing,,,
Kane's Shadow,,,,,0.0,,,,
Automachef,,24.99,,44.56,1.0,Automachef,,,
Shan Gui (山桂),,,,,0.0,,,,
Arsenal of Democracy: A Hearts of Iron Game,,,,,0.0,,,,
DOGMAN,,,,,0.0,,,,
Youtubers Life 2,,23.79,,49.23,1.0,Youtubers Life 2,,,
Starfighter Aces,,,,,0.0,,,,
Last Heroes,,4.5,,6.27,1.0,Last Heroes,,,
Cthulhu: Death Escape / 克苏鲁:死亡逃脱 Prototype,,,,,0.0,,,,
Escape Rosecliff Island,,8.44,,11.37,1.0,Escape Rosecliff Island,,,
TDP5 Arena 3D,,0.0,,0.0,0.9629629629629629,TDP5: Arena 3D,,,
Night Reverie: Prologue,,0.0,,1.14,1.0,Night Reverie: Prologue,,,
The Mahjong Huntress,,9.11,,14.96,1.0,The Mahjong Huntress,,,
Evil Bank Manager,,6.87,,0.0,1.0,Evil Bank Manager,,,
Fear the Night - 恐惧之夜,,,,,0.0,,,,
Happy Bones,,4.2,,0.0,1.0,Happy Bones,,,
Night Gate,,3.43,,0.0,0.8421052631578947,Nightgate,,,
Breakpoint,,,,,0.0,,,,"('Connection aborted.', ConnectionResetError(10054, 'Удаленный хост принудительно разорвал существующее подключение', None, 10054, None))"
DRONE The Game,,0.53,,0.0,0.9655172413793104,DRONE: The Game,,,
Cool People Club,,,,,0.0,,,,
Killer Klownz,,0.0,,0.0,1.0,Killer Klownz,,,
CatTuber,,,,,0.0,,,,
Dominions 4: Thrones of Ascension,,0.0,,0.0,1.0,Dominions 4: Thrones of Ascension,,,
Return the Backrooms,,,,,0.0,,,,
Mount Your Friends 3D: A Hard Man is Good to Climb,,2.0,,14.0,1.0,Mount Your Friends 3D: A Hard Man is Good to Climb,,,
The Spiral Scouts,,5.06,,9.19,1.0,The Spiral Scouts,,,
GRUNND,,2.92,,0.0,1.0,GRUNND,,,
pyramida,,4.05,,7.0,0.875,Pyramida,,,
Tower of Madness,,,,,0.0,,,,
Jets'n'Guns 2,,3.31,,6.62,1.0,Jets'n'Guns 2,,,
Slavistan,,0.51,,0.96,1.0,Slavistan,,,
Hexen: Deathkings of the Dark Citadel,,7.76,,8.62,1.0,Hexen: Deathkings of the Dark Citadel,,,
Home Sheep Home: Farmageddon Party Edition,,,,,0.0,,,,
UNREAL LIFE,,6.5,,11.36,1.0,UNREAL LIFE,,,
Asgard's Fall — Viking Survivors,,,,,0.0,,,,
道衍诀,,,,,0.0,,,,
REDCON,,20.0,,28.69,1.0,REDCON,,,
The 7th Guest,,7.21,,7.79,1.0,The 7th Guest,,,
Geneforge 3,,13.24,,75.0,1.0,Geneforge 3,,,
Crazy Buggy Racing,,0.0,,1.5,1.0,Crazy Buggy Racing,,,
Batman: Arkham Asylum Game of the Year Edition,,,,,0.0,,,,
POOSTALL Royale,,0.2,,3.2,1.0,POOSTALL Royale,,,
Half Minute Hero: The Second Coming,,17.18,,37.63,1.0,Half-Minute Hero: The Second Coming,,,
AquaNox 2: Revelation,,10.78,,16.35,1.0,AquaNox 2: Revelation,,,
Stories One,,0.0,,0.0,0.7407407407407407,Stories In Stone,,,
Space Rogue,,0.0,,0.0,1.0,Space Rogue,,,
1000 days to escape,,4.26,,8.07,1.0,1000 days to escape,,,
Shotgun Legend,,6.11,,8.62,1.0,Shotgun Legend,,,
Diddy,,0.0,,6.0,0.47619047619047616,Diddy Kong Pilot,,,
Avalom: Ancestral Heroes,,,,,0.0,,,,
Game Character Hub,,,,,0.0,,,,
Knights of Pen and Paper 3,,0.0,,0.0,1.0,Knights of Pen and Paper 3,,,
ANKI,,4.5,,4.5,1.0,ANKI,,,
Tiki Man,,0.0,,2.1,1.0,Tiki Man,,,
Westboro,,5.47,,0.0,1.0,Westboro,,,
Isles of Sea and Sky,,14.92,,25.65,1.0,Isles of Sea and Sky,,,
Spaceslingers,,,,,0.0,,,,
Zoochosis,,2.0,,5.76,1.0,Zoochosis,,,
Strife: The Expanse,,,,,0.0,,,,
Orwell's Animal Farm,,1.79,,3.77,1.0,Orwell's Animal Farm,,,
Real Zombie War Simulator,,,,,0.0,,,,
HOLE,,,,,0.0,,,,
Lost Skies,,0.0,,0.0,1.0,Lost Skies,,,
OVIVO,,,,,0.0,,,,
Super Toy Cars,,2.58,,6.28,1.0,Super Toy Cars,,,
AR-K,,4.93,,7.16,1.0,AR-K,,,
Bodycam:Adrenaline,,,,,0.0,,,,
Multiverse Loot Hunter,,0.0,,0.0,1.0,Multiverse Loot Hunter,,,
War Mongrels,,22.54,,58.61,1.0,War Mongrels,,,
Sunrider Academy,,11.44,,34.67,1.0,Sunrider Academy,,,
Geneforge 4: Rebellion,,13.77,,80.0,1.0,Geneforge 4: Rebellion,,,
Apollo 11 VR,,1.0,,0.0,0.8888888888888888,Apollo 11 VR HD,,,
Insanity's Blade,,3.04,,0.0,1.0,Insanity's Blade,,,
NervBox,,,,,0.0,,,,"('Connection aborted.', ConnectionResetError(10054, 'Удаленный хост принудительно разорвал существующее подключение', None, 10054, None))"
Overload,,8.24,,20.0,1.0,Overload,,,
A Day Out,,0.0,,0.0,1.0,A Day Out,,,
The Secret Order 2: Masked Intent,,3.54,,4.68,1.0,The Secret Order 2: Masked Intent,,,
The Bonerooms,,0.0,,0.0,1.0,The Bonerooms,,,
Magic Rampage,,8.0,,45.0,1.0,Magic Rampage,,,
Dexter Stardust : Adventures in Outer Space,,4.76,,5.78,0.9882352941176471,Dexter Stardust: Adventures in Outer Space,,,
Holopoint,,0.0,,0.0,1.0,Holopoint,,,
Choice of Robots,,2.33,,10.32,1.0,Choice of Robots,,,
Hero Plus,,0.0,,0.0,1.0,Hero Plus,,,
Brushwood Buddies,,0.0,,0.0,1.0,Brushwood Buddies,,,
Yargis - Space Melee,,,,,0.0,,,,
Lux Delux,,2.64,,230.0,1.0,Lux Delux,,,
Stardom 3,,,,,0.0,,,,
The Office Quest,,3.38,,3.79,1.0,The Office Quest,,,
Armada: Modern Tanks,,0.0,,0.0,1.0,Armada: Modern Tanks,,,
Sports Bar VR,,0.0,,0.0,1.0,Sports Bar VR,,,
TRIBES 3: Rivals,,0.0,,0.0,0.6875,Tribes 3: Rivals,,,
The Bird's Realm 3,,,,,0.0,,,,
No More Heroes 2: Desperate Struggle,,8.19,,14.25,1.0,No More Heroes 2: Desperate Struggle,,,
Sprite Fantasia,,0.0,,0.0,1.0,Sprite Fantasia,,,
Wolf's Gang,,1.17,,2.5,1.0,Wolf's Gang,,,
Dakar 18,,13.33,,152.69,1.0,Dakar 18,,,
Doom Sweeper,,0.0,,40.62,1.0,Doom Sweeper,,,
WRC 6 FIA World Rally Championship,,14.76,,46.14,0.9855072463768116,WRC 6: FIA World Rally Championship,,,
Castle In The Darkness,,6.69,,14.7,0.9090909090909091,Castle in the Darkness,,,
NSFW ~ Not a Simulator For Working,,,,,0.0,,,,
One More Dungeon,,4.0,,8.59,1.0,One More Dungeon,,,
Collapse: A Political Simulator,,0.0,,0.0,1.0,Collapse: A Political Simulator,,,
The Butterfly Sign: Human Error,,1.08,,0.0,1.0,The Butterfly Sign: Human Error,,,
Beyond Reality,,3.05,,11.07,1.0,Beyond Reality,,,
接触: 第一章(The Encounter: Chapter One),,,,,0.0,,,,
Kiwi Clicker - Juiced Up,,,,,0.0,,,,
Inexistence,,2.2,,4.07,1.0,Inexistence,,,
Atonement 2: Ruptured by Despair,,0.0,,13.5,1.0,Atonement 2: Ruptured by Despair,,,
L.A. Noire: The VR Case Files,,6.17,,32.0,1.0,L.A. Noire: The VR Case Files,,,
Lock Down,,0.0,,8.4,0.6363636363636364,Lockdown 2024,,,
Levelhead,,6.82,,41.0,1.0,Levelhead,,,
Xuan-Yuan Sword: The Scar of Sky,,0.0,,53.0,1.0,Xuan-Yuan Sword: The Scar of Sky,,,
Love Ribbon,,5.21,,5.58,1.0,Love Ribbon,,,
Tank Brawl 2: Armor Fury,,0.0,,0.0,1.0,Tank Brawl 2: Armor Fury,,,
False Skies,,0.0,,0.0,1.0,False Skies,,,
Overboard!,,2.25,,4.81,1.0,Overboard!,,,
GRANADO ESPADA,,,,,0.0,,,,
"1,000 Heads Among the Trees",,0.51,,1.32,1.0,"1,000 Heads Among the Trees",,,
Mutational Loading,,,,,0.0,,,,
Chamber Survival,,0.33,,0.86,1.0,Chamber Survival,,,
Gray Dawn,,3.68,,5.26,1.0,Gray Dawn,,,
'n Verlore Verstand,,,,,0.0,,,,"('Connection aborted.', ConnectionResetError(10054, 'Удаленный хост принудительно разорвал существующее подключение', None, 10054, None))"
Tales of Maj'Eyal,,57.83,,378.2,1.0,Tales of Maj'Eyal,,,
Leaving Lyndow,,0.7,,0.97,1.0,Leaving Lyndow,,,
Darkstone,,16.34,,18.31,1.0,Darkstone,,,
HaberDashers,,,,,0.0,,,,
World of Subways 1 – The Path,,,,,0.0,,,,
EARTHLOCK,,,,,0.0,,,,
No Delivery,,2.78,,5.84,1.0,No Delivery,,,
Eresys,,3.0,,0.0,1.0,Eresys,,,
Morningstar: Descent to Deadrock,,2.02,,2.06,1.0,Morningstar: Descent to Deadrock,,,
Fantasy of Expedition,,0.0,,0.0,1.0,Fantasy of Expedition,,,
AccrO,,0.0,,0.0,1.0,AccrO,,,
Elijah and the Out of this World Adventure,,,,,0.0,,,,
Master Of Pottery,,0.0,,12.61,1.0,Master Of Pottery,,,
Lucius III,,4.89,,8.66,1.0,Lucius III,,,
Jujutsu Kaisen Cursed Clash,,4.54,,12.08,0.9818181818181818,Jujutsu Kaisen: Cursed Clash,,,
Fate of the World,,7.9,,12.0,1.0,Fate of the World,,,
Space Empires II,,0.0,,0.0,0.9696969696969697,Space Empires III,,,
Citizen Sleeper 2: Starward Vector,,9.67,,18.04,1.0,Citizen Sleeper 2: Starward Vector,,,
Shattered Lights,,0.17,,0.65,1.0,Shattered Lights,,,
Cannon Lab 13,,,,,0.0,,,,
Platypus,,1.37,,5.53,1.0,Platypus,,,
GALAXIUM,,0.85,,0.0,1.0,GALAXIUM,,,
Neon Nexus,,,,,0.0,,,,
The Town of Light,,3.19,,5.29,1.0,The Town of Light,,,
1982,,0.0,,3.42,1.0,1982,,,
Magical Battle Cry,,,,,0.0,,,,
Silent Gentlemen,,0.0,,0.0,1.0,Silent Gentlemen,,,
Emergency 2016,,0.0,,0.0,1.0,Emergency 2016,,,
Zeal,,0.0,,0.0,0.5454545454545454,Trizeal,,,
Chicken Invaders 5,,,,,0.0,,,,"('Connection aborted.', ConnectionResetError(10054, 'Удаленный хост принудительно разорвал существующее подключение', None, 10054, None))"
The guard of dungeon,,0.0,,5.0,0.9,The Guard of Dungeon,,,
Heroes of Dire,,0.0,,0.0,1.0,Heroes of Dire,,,
Nuckelavee,,,,,0.0,,,,
Freedom Cry,,0.0,,0.0,1.0,Freedom Cry,,,
Lone Fungus,,11.23,,22.67,1.0,Lone Fungus,,,
Succubus Rem,,0.0,,4.58,1.0,Succubus Rem,,,
Spartans Vs Zombies Defense,,4.0,,0.0,1.0,Spartans Vs Zombies Defense,,,
Democracy 3,,6.52,,28.37,1.0,Democracy 3,,,
Final Fantasy IV (3D Remake),,30.62,,73.18,0.8571428571428571,Final Fantasy IV (3D),,,
Layers of Fear 2 (2019),,,,,0.0,,,,
Rail Route,,16.17,,0.0,1.0,Rail Route,,,
Tomb Raider I-III Remastered Starring Lara Croft,,38.64,,92.64,1.0,Tomb Raider I-III Remastered Starring Lara Croft,,,
"Knowledge, or know Lady",,3.22,,10.21,1.0,"Knowledge, or know Lady",,,
Dinosaur Hunt,,0.0,,2.42,1.0,Dinosaur Hunt,,,
Samurai Chess,,0.0,,0.0,1.0,Samurai Chess,,,
Red Rage,,,,,0.0,,,,
Fishards,,0.0,,0.0,1.0,Fishards,,,
Sunless Skies: Sovereign Edition,,,,,0.0,,,,
Space Pilgrim Episode II: Epsilon Indi,,,,,0.0,,,,
City of Chains,,7.66,,20.32,1.0,City of Chains,,,
Space Hulk: Deathwing Enhanced Edition,,8.91,,28.24,0.9743589743589743,Space Hulk: Deathwing - Enhanced Edition,,,
Fiesta Online NA,,,,,0.0,,,,
Dragon Saga,,0.0,,0.0,1.0,Dragon Saga,,,
The Lost Valley,,0.35,,0.48,1.0,The Lost Valley,,,
Vertigo 2,,10.86,,19.82,1.0,Vertigo 2,,,
鋼鉄戦記C21,,,,,0.0,,,,
Krater,,17.4,,46.78,1.0,Krater,,,
Tactical Breach Wizards,,13.08,,27.6,1.0,Tactical Breach Wizards,,,
Space Tyrant,,0.0,,0.0,1.0,Space Tyrant,,,
Aliya: Timelink,,,,,0.0,,,,
Dungeons & Dragons: Dark Alliance,,11.77,,28.54,1.0,Dungeons & Dragons: Dark Alliance,,,
Silent Hill Homecoming,,9.41,,18.35,0.9777777777777777,Silent Hill: Homecoming,,,
Marie's Room,,0.72,,1.04,1.0,Marie's Room,,,
Tales from Candlekeep: Tomb of Annihilation,,9.09,,22.2,1.0,Tales from Candlekeep: Tomb of Annihilation,,,
Duke Nukem 3D: 20th Anniversary World Tour,,7.57,,13.84,1.0,Duke Nukem 3D: 20th Anniversary World Tour,,,
Battle Islands,,0.0,,39.9,1.0,Battle Islands,,,
Sector's Edge,,0.0,,0.0,1.0,Sector's Edge,,,
.hack//G.U. Last Recode,,51.78,,129.1,1.0,.hack//G.U. Last Recode,,,
Barn Finders,,10.87,,16.33,1.0,BarnFinders,,,
Shelter 2,,1.91,,10.02,1.0,Shelter 2,,,
下一站江湖Ⅱ,,,,,0.0,,,,
Cyber Hunter,,0.0,,0.0,1.0,Cyber Hunter,,,
"I Love You, Colonel Sanders! A Finger Lickin’ Good Dating Simulator",,1.52,,2.03,1.0,"I Love You, Colonel Sanders! A Finger Lickin’ Good Dating Simulator",,,
Dead Effect,,3.67,,13.49,1.0,Dead Effect,,,
Adorables,,0.0,,14.66,1.0,Adorables,,,
Duck Season,,1.5,,4.54,1.0,Duck Season,,,
Zero Hour,,15.5,,0.0,1.0,Zero Hour,,,
Bloodstained: Curse of the Moon,,2.19,,10.1,1.0,Bloodstained: Curse of the Moon,,,
SAO Utils: Beta,,,,,0.0,,,,
SWORD ART ONLINE Alicization Lycoris,,62.79,,205.55,0.684931506849315,Sword Art Online: Alicization Lycoris,,,
Uplink,,8.37,,32.12,1.0,Uplink,,,
KnightShift,,18.5,,100.0,1.0,KnightShift,,,
Unfortunate Spacemen,,1.92,,68.17,1.0,Unfortunate Spacemen,,,
FaceRig,,,,,0.0,,,,
Omerta - City of Gangsters,,,,,0.0,,,,
Barony,,11.58,,65.53,1.0,Barony,,,
Autobahn Police Simulator 2,,10.75,,40.4,1.0,Autobahn Police Simulator 2,,,
DEATH TRAIN - Warning: Unsafe VR Experience,,,,,0.0,,,,
The Jackbox Party Pack 2,,6.9,,9.82,1.0,The Jackbox Party Pack 2,,,
Streamer Life Simulator 2,,6.5,,13.96,1.0,Streamer Life Simulator 2,,,
Antenna,,0.38,,0.46,1.0,Antenna,,,
Mortal Online 2,,0.0,,0.0,1.0,Mortal Online 2,,,
Toy Soldiers: Complete,,0.0,,0.0,1.0,Toy Soldiers: Complete,,,
Norland,,25.85,,0.0,1.0,Norland,,,
Clicker Heroes 2,,0.0,,0.0,1.0,Clicker Heroes 2,,,
家有大貓 Nekojishi,,5.97,,9.34,1.0,Nekojishi,,,
Fernbus Simulator,,14.53,,0.0,1.0,Fernbus Simulator,,,
Super Bunny Man,,10.08,,22.3,1.0,Super Bunny Man,,,
Shattered Pixel Dungeon,,17.5,,105.5,1.0,Shattered Pixel Dungeon,,,
Seek Girl Ⅲ,,0.27,,0.59,1.0,Seek Girl III,,,
SONIC SUPERSTARS,,,,,0.0,,,,
A Bird Story,,1.27,,1.41,1.0,A Bird Story,,,
Iron Marines,,9.5,,22.42,1.0,Iron Marines,,,
Low Magic Age,,0.0,,37.78,1.0,Low Magic Age,,,
Decisive Strike,,,,,0.0,,,,
Edna & Harvey: The Breakout,,9.07,,11.86,1.0,Edna & Harvey: The Breakout,,,
Siege Survival: Gloria Victis Prologue,,1.49,,0.0,1.0,Siege Survival: Gloria Victis Prologue,,,
Impire,,24.0,,0.0,1.0,Impire,,,
Serious Sam: The Random Encounter,,1.57,,2.06,1.0,Serious Sam: The Random Encounter,,,
Ostriv,,9.9,,0.0,1.0,Ostriv,,,
Drift86,,0.0,,0.0,1.0,Drift86,,,
ScourgeBringer,,8.13,,13.43,1.0,ScourgeBringer,,,
Mini Metro,,5.83,,42.98,1.0,Mini Metro,,,
Surviving the Aftermath,,17.94,,34.09,0.9565217391304348,Surviving The Aftermath,,,
Yooka-Laylee,,15.45,,24.72,1.0,Yooka-Laylee,,,
UBERMOSH:BLACK,,0.33,,1.87,1.0,UBERMOSH:BLACK,,,
Dark and Light,,21.0,,0.0,1.0,Dark and Light,,,
Dead Rising 4,,10.0,,38.77,1.0,Dead Rising 4,,,
Forspoken,,14.26,,57.29,1.0,Forspoken,,,
Our Life: Beginnings & Always,,8.55,,28.12,1.0,Our Life: Beginnings & Always,,,
Runes of Magic,,0.0,,0.0,1.0,Runes of Magic,,,
Just Fishing,,0.0,,0.0,1.0,Just Fishing,,,
Seek Girl:Fog Ⅰ,,,,,0.0,,,,
Mouthwashing,,2.53,,3.53,1.0,Mouthwashing,,,
Car Mechanic Simulator 2015,,14.34,,50.14,1.0,Car Mechanic Simulator 2015,,,
Magrunner: Dark Pulse,,8.45,,12.1,1.0,Magrunner: Dark Pulse,,,
Quadrilateral Cowboy,,4.77,,5.61,1.0,Quadrilateral Cowboy,,,
We Went Back,,0.65,,0.98,1.0,We Went Back,,,
UnMetal,,,,,0.0,,,,"('Connection aborted.', ConnectionResetError(10054, 'Удаленный хост принудительно разорвал существующее подключение', None, 10054, None))"
We Happy Few,,20.89,,64.95,1.0,We Happy Few,,,
NEKOPARA Vol. 2,,4.06,,4.92,0.5333333333333333,Nekopara Vol. 2,,,
Through the Ages,,2.34,,193.0,1.0,Through the Ages,,,
Closers,,48.45,,0.0,1.0,Closers,,,
SPORE Galactic Adventures,,9.88,,50.92,0.8235294117647058,Spore: Galactic Adventures,,,
Pid,,9.48,,17.62,1.0,Pid,,,
Blue Prince,,18.0,,100.89,1.0,Blue Prince,,,
Wallpaper Maker （造物主视频桌面）,,,,,0.0,,,,
Overcooked! All You Can Eat,,11.64,,28.62,1.0,Overcooked! All You Can Eat,,,
Super Mustache,,1.84,,2.02,1.0,Super Mustache,,,
Sudden Strike 4,,30.32,,0.0,1.0,Sudden Strike 4,,,
Prince of Persia,,11.43,,17.38,1.0,Prince of Persia,,,
Super Seducer : How to Talk to Girls,,,,,0.0,,,,
HROT,,5.54,,12.7,1.0,HROT,,,
They Can't Stop All Of Us,,0.0,,0.0,1.0,They Can't Stop All Of Us,,,
Ficket: 追剧引擎,,,,,0.0,,,,
Predator: Hunting Grounds,,15.1,,24.0,1.0,Predator: Hunting Grounds,,,
Megaloot,,6.64,,45.0,1.0,Megaloot,,,
Shelter,,1.34,,2.23,1.0,Shelter,,,
140,,1.21,,5.26,1.0,140,,,
Quern - Undying Thoughts,,,,,0.0,,,,
ASKA,,30.4,,48.95,1.0,ASKA,,,
PixelJunk Eden,,9.2,,25.66,1.0,PixelJunk Eden,,,
Kingdom Rush Vengeance - Tower Defense,,,,,0.0,,,,
One Piece Pirate Warriors 3,,15.97,,106.37,0.9818181818181818,One Piece: Pirate Warriors 3,,,
Cluckmech Oasis,,0.0,,0.0,1.0,Cluckmech Oasis,,,
Assassin's Creed Valhalla,,61.16,,151.7,1.0,Assassin's Creed Valhalla,,,
Starship Corporation,,0.0,,0.0,1.0,Starship Corporation,,,
Inner Chains,,4.57,,7.97,1.0,Inner Chains,,,
LoveBeat,,0.0,,0.0,1.0,LoveBeat,,,
Age of Conquest IV,,0.0,,125.8,1.0,Age of Conquest IV,,,
Thrive: Heavy Lies The Crown,,0.0,,0.0,0.9642857142857143,Thrive: Heavy Lies the Crown,,,
F.I.S.T.: Forged In Shadow Torch,,12.47,,20.27,1.0,F.I.S.T.: Forged In Shadow Torch,,,
HudSight - crosshair overlay,,,,,0.0,,,,
rFactor 2,,41.55,,103.7,1.0,rFactor 2,,,
shapez,,26.55,,45.02,1.0,shapez.io,,,
Florence,,0.72,,0.95,1.0,Florence,,,
Sprocket,,0.0,,0.0,1.0,Sprocket,,,
Pool 2D - Poolians,,,,,0.0,,,,
Idle Slayer,,53.96,,253.52,1.0,Idle Slayer,,,
Bang-On Balls: Chronicles,,3.58,,14.16,1.0,Bang-On Balls: Chronicles,,,
Shatter,,2.85,,5.21,1.0,Shatter,,,
TerraTech,,20.55,,52.5,1.0,TerraTech,,,
FINAL FANTASY VIII - REMASTERED,,,,,0.0,,,,
Everlasting Summer,,7.43,,27.17,1.0,Everlasting Summer,,,
Killsquad,,,,,0.0,,,,"('Connection aborted.', ConnectionResetError(10054, 'Удаленный хост принудительно разорвал существующее подключение', None, 10054, None))"
RollerCoaster Tycoon 2: Triple Thrill Pack,,19.37,,91.83,1.0,RollerCoaster Tycoon 2: Triple Thrill Pack,,,
Hitman: Contracts,,9.53,,15.99,1.0,Hitman: Contracts,,,
Picross Touch,,15.43,,42.17,1.0,Picross Touch,,,
Still Wakes the Deep,,4.66,,7.88,0.95,Still Wakes The Deep,,,
Streamer Life Simulator,,10.49,,17.44,1.0,Streamer Life Simulator,,,
Full Throttle Remastered,,4.04,,4.62,1.0,Full Throttle Remastered,,,
LIGHTNING RETURNS: FINAL FANTASY XIII,,,,,0.0,,,,
Steambirds Alliance,,10.0,,0.0,1.0,Steambirds Alliance,,,
Book of Demons,,9.98,,35.8,1.0,Book of Demons,,,
Little Big Workshop,,20.33,,25.46,1.0,Little Big Workshop,,,
SENRAN KAGURA Peach Beach Splash,,12.86,,45.94,0.676923076923077,Senran Kagura: Peach Beach Splash,,,
Death and Taxes,,3.03,,17.83,1.0,Death and Taxes,,,
Morphopolis,,1.47,,2.03,1.0,Morphopolis,,,
BADLAND: Game of the Year Edition,,7.41,,16.56,1.0,BADLAND: Game of the Year Edition,,,
Far Away,,10.0,,36.15,1.0,Far Away,,,
Maniac Path,,,,,0.0,,,,
Xuan-Yuan Sword VII,,12.89,,21.73,1.0,Xuan-Yuan Sword VII,,,
Empire of Sin,,16.23,,75.73,1.0,Empire of Sin,,,
idleBeer,,2.4,,0.0,1.0,idleBeer,,,
Warhammer: Chaos And Conquest,,0.0,,0.0,0.9655172413793104,Warhammer: Chaos & Conquest,,,
Infinity Wars: Animated Trading Card Game,,,,,0.0,,,,
World War Next,,,,,0.0,,,,
Legend of Dungeon,,8.5,,27.87,1.0,Legend of Dungeon,,,
Fairy Fencer F,,24.6,,56.89,1.0,Fairy Fencer F,,,
Lethal League Blaze,,2.28,,35.17,1.0,Lethal League Blaze,,,
Psychonauts 2,,15.09,,26.45,1.0,Psychonauts 2,,,
DOOM Eternal: The Ancient Gods - Part Two,,3.9,,5.0,0.926829268292683,Doom Eternal: The Ancient Gods - Part Two,,,
Age of Steel: Recharge,,3.39,,6.22,1.0,Age of Steel: Recharge,,,
Battle Ram,,1.59,,2.0,1.0,Battle Ram,,,
Summer in Mara,,20.43,,28.37,1.0,Summer in Mara,,,
Resurgence,,0.0,,1.74,1.0,Resurgence,,,
Hidden Folks,,3.68,,7.48,1.0,Hidden Folks,,,
Shotgun n  Zombies,,,,,0.0,,,,
LISA: The Painful,,10.87,,25.28,1.0,LISA: The Painful,,,
Infinitum,,0.0,,0.0,1.0,Infinitum,,,
Tell Me Why,,9.72,,13.71,1.0,Tell Me Why,,,
Midas Gold Plus,,0.0,,1815.92,1.0,Midas Gold Plus,,,
Gods Will Be Watching,,6.27,,16.93,1.0,Gods Will Be Watching,,,
Torment: Tides of Numenera,,25.17,,48.58,1.0,Torment: Tides of Numenera,,,
The Crown of Leaves,,1.51,,6.33,1.0,The Crown of Leaves,,,
VAIL VR,,0.0,,0.0,1.0,VAIL VR,,,
The LEGO Movie - Videogame,,7.65,,17.6,1.0,The LEGO Movie Videogame,,,
The Jackbox Party Pack 4,,3.76,,7.45,1.0,The Jackbox Party Pack 4,,,
Killing Floor: Incursion,,3.64,,6.84,1.0,Killing Floor: Incursion,,,
Conan Chop Chop,,,,,0.0,,,,"('Connection aborted.', ConnectionResetError(10054, 'Удаленный хост принудительно разорвал существующее подключение', None, 10054, None))"
Dark Deity,,23.01,,37.15,1.0,Dark Deity,,,
Penny Arcade's On the Rain-Slick Precipice of Darkness 3,,,,,0.0,,,,
Magic 2014 — Duels of the Planeswalkers,,,,,0.0,,,,
Dreamfall: The Longest Journey,,12.34,,14.89,1.0,Dreamfall: The Longest Journey,,,
The Culling Of The Cows,,1.59,,3.16,1.0,The Culling Of The Cows,,,
Door Kickers 2: Task Force North,,22.85,,57.39,1.0,Door Kickers 2: Task Force North,,,
Runestone Keeper,,7.74,,0.0,1.0,Runestone Keeper,,,
Drunken Robot Pornography,,4.19,,6.63,1.0,Drunken Robot Pornography,,,
Order of Battle: World War II,,23.0,,0.0,1.0,Order of Battle: World War II,,,
American Fugitive,,9.16,,24.15,1.0,American Fugitive,,,
Master of Orion,,14.22,,30.55,1.0,Master of Orion,,,
Five Nights at Freddy's 3,,2.39,,5.28,1.0,Five Nights at Freddy's 3,,,
Falcon,,0.0,,0.0,1.0,Falcon,,,
DYNAMIC,,,,,0.0,,,,
Headliner: NoviNews,,2.36,,11.41,1.0,Headliner: NoviNews,,,
Pinstripe,,3.01,,6.52,1.0,Pinstripe,,,
Hue,,0.0,,5.22,0.6,HueBots,,,
Uriel's Chasm 2: את,,,,,0.0,,,,
Tropico Reloaded,,0.0,,0.0,1.0,Tropico Reloaded,,,
Subzero Stealth,,,,,0.0,,,,
Call of Duty: WWII,,7.03,,18.42,1.0,Call of Duty: WWII,,,
Iratus: Lord of the Dead,,12.35,,40.46,1.0,Iratus: Lord of the Dead,,,
Megaton Rainfall,,3.38,,4.0,1.0,Megaton Rainfall,,,
A Perfect Day,,16.0,,0.0,1.0,A Perfect Day,,,
Ticket to Ride: Classic Edition,,0.71,,157.27,1.0,Ticket to Ride,,,
UnEpic,,18.45,,42.22,1.0,UnEpic,,,
Westerado: Double Barreled,,2.45,,17.72,1.0,Westerado: Double Barreled,,,
Back to the Future: The Game,,12.2,,13.66,1.0,Back to the Future: The Game,,,
Eastward,,20.21,,33.39,1.0,Eastward,,,
Maurice: In The Predator's Nest,,,,,0.0,,,,
挂机神话,,,,,0.0,,,,
Wurm Online,,0.0,,0.0,1.0,Wurm Online,,,
As Dusk Falls,,6.74,,14.11,1.0,As Dusk Falls,,,
DarkEnd,,0.0,,32.92,1.0,DarkEnd,,,
Cubic Castles,,0.0,,0.0,1.0,Cubic Castles,,,
Gloria Victis: Medieval MMORPG,,,,,0.0,,,,
Polarity,,1.23,,3.14,1.0,Polarity,,,
BRINK,,0.0,,0.0,0.5263157894736842,BRINK Traveler,,,
Midnight Ghost Hunt,,2.19,,500.0,1.0,Midnight Ghost Hunt,,,
Airport CEO,,25.57,,0.0,1.0,Airport CEO,,,
ENDLESS Dungeon - Definitive Edition,,,,,0.0,,,,
DISTRAINT 2,,,,,0.0,,,,
Star Swarm Stress Test,,,,,0.0,,,,
HELLION,,90.0,,212.0,1.0,HELLION,,,
Blocky Dungeon,,0.0,,0.0,1.0,Blocky Dungeon,,,
Kentucky Route Zero: PC Edition,,,,,0.0,,,,
Bloodstained: Curse of the Moon 2,,4.57,,15.92,1.0,Bloodstained: Curse of the Moon 2,,,
The Dark Side Of Mars,,,,,0.0,,,,
Trepang2,,5.3,,20.45,1.0,Trepang2,,,
RollerCoaster Tycoon Classic,,12.9,,430.0,1.0,RollerCoaster Tycoon Classic,,,
洪荒西行录,,,,,0.0,,,,
Infested Planet,,7.03,,17.13,1.0,Infested Planet,,,
Birth,,1.84,,2.18,1.0,Birth,,,
Clown House (Palyaço Evi),,,,,0.0,,,,
STAR FLEET II - Krellan Commander Version 2.0,,0.0,,0.0,1.0,STAR FLEET II - Krellan Commander,,,
Sonic CD,,2.02,,6.28,1.0,Sonic CD,,,
Zoop! - Hunter's Grimm,,1.69,,11.0,1.0,Hunter's Grimm,,,
Scrap Garden - The Day Before,,,,,0.0,,,,
Space Hack,,20.5,,37.18,1.0,Space Hack,,,
8-Bit Armies,,8.32,,28.54,1.0,8-Bit Armies,,,
Magic 2015 - Duels of the Planeswalkers,,9.84,,47.12,1.0,Magic: The Gathering - Duels of the Planeswalkers 2015,,,
Frostpunk 2,,11.57,,59.06,1.0,Frostpunk 2,,,
Reigns,,4.15,,15.7,1.0,Reigns,,,
Robot Roller-Derby Disco Dodgeball,,0.47,,1.33,1.0,Robot Roller-Derby Disco Dodgeball,,,
Supraland Six Inches Under,,8.04,,16.95,0.9811320754716981,Supraland: Six Inches Under,,,
Session: Skate Sim,,6.37,,50.71,1.0,Session: Skate Sim,,,
The Elder Scrolls IV: Oblivion Game of the Year Edition (2009),,,,,0.0,,,,
Shadow of the Tomb Raider: Definitive Edition,,12.88,,42.5,1.0,Shadow of the Tomb Raider: Definitive Edition,,,
Gang Beasts,,2.15,,7.62,1.0,Gang Beasts,,,
Line of Sight,,10.0,,0.0,1.0,Line of Sight,,,
Mitos.is: The Game,,0.49,,0.0,1.0,Mitos.is: The Game,,,
"Papers, Please",,5.02,,16.16,1.0,"Papers, Please",,,
Spiral Knights,,48.45,,453.32,1.0,Spiral Knights,,,
Monster Hunter Stories 2: Wings of Ruin,,41.3,,142.6,1.0,Monster Hunter Stories 2: Wings of Ruin,,,
Dungeon Defenders II,,22.48,,112.21,1.0,Dungeon Defenders II,,,
The Expendabros,,1.07,,1.36,1.0,The Expendabros,,,
DOOM Eternal,,14.42,,29.47,0.75,Doom Eternal,,,
Need for Speed Heat,,14.04,,51.55,0.9473684210526315,Need For Speed Heat,,,
Pummel Party,,7.1,,22.03,1.0,Pummel Party,,,
Grand Theft Auto: San Andreas,,30.17,,71.08,1.0,Grand Theft Auto: San Andreas,,,
Green Hell,,16.6,,47.92,1.0,Green Hell,,,
Starfield,,23.89,,149.16,1.0,Starfield,,,
Defiance,,33.2,,4500.0,1.0,Defiance,,,
Planet Coaster,,27.99,,81.03,1.0,Planet Coaster,,,
Secret in Story,,0.0,,0.0,1.0,Secret in Story,,,
Battlefield 1,,6.69,,26.66,1.0,Battlefield 1,,,
Call of Duty: Modern Warfare 3 (2011),,,,,0.0,,,,
Beat Saber,,6.48,,53.81,1.0,Beat Saber,,,
Space Engineers,,19.04,,382.52,1.0,Space Engineers,,,
METAL GEAR SOLID V: THE PHANTOM PAIN,,,,,0.0,,,,
Operation: Harsh Doorstop,,0.0,,0.0,1.0,Operation: Harsh Doorstop,,,
Crosshair X,,,,,0.0,,,,
No More Room in Hell,,19.81,,70.37,1.0,No More Room in Hell,,,
Middle-earth: Shadow of Mordor,,15.74,,32.9,0.9666666666666667,Middle-Earth: Shadow of Mordor,,,
Dyson Sphere Program,,67.01,,232.0,1.0,Dyson Sphere Program,,,
Tom Clancy's Ghost Recon Wildlands,,27.23,,84.87,1.0,Tom Clancy's Ghost Recon Wildlands,,,
No Rest for the Wicked,,19.2,,47.08,1.0,No Rest for the Wicked,,,
Dead Cells,,14.06,,91.16,1.0,Dead Cells,,,
Hearts of Iron IV,,51.79,,1158.04,1.0,Hearts of Iron IV,,,
Doki Doki Literature Club!,,4.23,,7.7,1.0,Doki Doki Literature Club!,,,
GTFO,,8.72,,501.0,1.0,GTFO,,,
Hacknet,,7.2,,11.32,1.0,Hacknet,,,
Forza Horizon 5,,21.13,,139.12,1.0,Forza Horizon 5,,,
Cry of Fear,,8.47,,21.91,1.0,Cry of Fear,,,
The Witcher 2: Assassins of Kings Enhanced Edition,,,,,0.0,,,,
Helltaker,,1.06,,1.9,1.0,Helltaker,,,
Far Cry,,12.73,,19.44,1.0,Far Cry,,,
Teardown,,12.97,,30.74,1.0,Teardown,,,
Little Nightmares,,3.57,,9.09,1.0,Little Nightmares,,,
Ori and the Blind Forest,,8.22,,11.77,1.0,Ori and the Blind Forest,,,
The Binding of Isaac: Rebirth,,5.63,,383.32,1.0,The Binding of Isaac: Rebirth,,,
Devil May Cry 5,,11.14,,77.47,1.0,Devil May Cry 5,,,
Football Manager 2017,,228.82,,419.92,1.0,Football Manager 2017,,,
America's Army: Proving Grounds,,0.0,,485.08,1.0,America's Army: Proving Grounds,,,
Party Jousting,,0.0,,0.0,1.0,Party Jousting,,,
Left 4 Dead,,6.96,,58.84,1.0,Left 4 Dead,,,
Divide By Sheep,,4.56,,7.47,1.0,Divide By Sheep,,,
Resident Evil 2,,8.79,,36.51,1.0,Resident Evil 2,,,
Stories: The Path of Destinies,,5.21,,20.16,0.9666666666666667,Stories: The Path Of Destinies,,,
Z1 Battle Royale: Test Server,,,,,0.0,,,,
EA SPORTS FIFA 23,,,,,0.0,,,,
Far Cry 4,,17.84,,46.85,1.0,Far Cry 4,,,
Pathfinder: Kingmaker — Enhanced Plus Edition,,,,,0.0,,,,
RISK: Global Domination,,14.39,,31.79,1.0,RISK: Global Domination,,,
Skullgirls 2nd Encore,,3.21,,65.67,1.0,Skullgirls 2nd Encore,,,
Assassin's Creed Odyssey,,45.61,,145.53,1.0,Assassin's Creed Odyssey,,,
Prison Architect,,17.0,,70.2,1.0,Prison Architect,,,
Insurgency: Sandstorm,,21.6,,364.92,1.0,Insurgency: Sandstorm,,,
Kingdom Come: Deliverance II,,55.01,,142.38,1.0,Kingdom Come: Deliverance II,,,
The Long Dark,,23.47,,247.56,1.0,The Long Dark,,,
Call of Duty 2,,8.01,,11.18,1.0,Call of Duty 2,,,
Red Dead Online,,11.0,,129.88,1.0,Red Dead Online,,,
F1 2015,,14.08,,47.24,1.0,F1 2015,,,
Friday the 13th: The Game,,5.52,,125.12,1.0,Friday the 13th: The Game,,,
Balatro,,7.53,,252.71,1.0,Balatro,,,
SCUM,,,,,0.0,,,,
Dragon's Dogma: Dark Arisen,,32.67,,113.28,1.0,Dragon's Dogma: Dark Arisen,,,
Half-Life 2: Episode One,,3.6,,5.26,1.0,Half-Life 2: Episode One,,,
The Evil Within,,15.33,,41.1,1.0,The Evil Within,,,
Resident Evil 3,,5.97,,20.33,1.0,Resident Evil 3,,,
Minimalism,,0.0,,4.2,1.0,Minimalism,,,
Half-Life Deathmatch: Source,,2.5,,3.33,1.0,Half-Life Deathmatch: Source,,,
Darksiders,,17.07,,28.07,1.0,Darksiders,,,
ARK: Survival Ascended,,336.69,,725.0,1.0,ARK: Survival Ascended,,,
Stumble Guys,,1.93,,18.36,1.0,Stumble Guys,,,
MONSTER HUNTER RISE,,,,,0.0,,,,
Batman: Arkham Origins,,12.42,,41.17,1.0,Batman: Arkham Origins,,,
POSTAL,,0.0,,0.0,0.6666666666666666,POSTAL 2: VR,,,
Total War: WARHAMMER III,,32.71,,710.26,0.6666666666666666,Total War: Warhammer III,,,
Jotun: Valhalla Edition,,5.15,,7.36,1.0,Jotun,,,
DRAGON BALL FighterZ,,11.97,,51.07,0.6,Dragon Ball FighterZ,,,
Tribes of Midgard,,15.99,,57.27,1.0,Tribes of Midgard,,,
Call of Duty: Black Ops,,7.12,,18.3,1.0,Call of Duty: Black Ops,,,
STAR WARS Knights of the Old Republic,,29.06,,48.7,0.8266666666666667,Star Wars: Knights of the Old Republic,,,
Cult of the Lamb,,14.7,,30.02,1.0,Cult of the Lamb,,,
Titanfall 2,,6.1,,16.0,1.0,Titanfall 2,,,
Eternal Return,,11.0,,0.0,1.0,Eternal Return,,,
World War 3,,0.0,,0.0,1.0,World War 3,,,
Detroit: Become Human,,12.08,,32.14,1.0,Detroit: Become Human,,,
Alien Swarm,,3.46,,19.27,1.0,Alien Swarm,,,
Wolfenstein: Youngblood,,9.16,,32.1,1.0,Wolfenstein: Youngblood,,,
ROUNDS,,0.0,,1.72,0.46153846153846156,RUSSIA BATTLEGROUNDS,,,
Broforce,,7.22,,17.61,1.0,Broforce,,,
Portal 2,,8.53,,22.53,1.0,Portal 2,,,
Banished,,15.14,,89.29,1.0,Banished,,,
A Way Out,,6.03,,7.33,1.0,A Way Out,,,
Kingdom Come: Deliverance,,42.67,,136.81,1.0,Kingdom Come: Deliverance,,,
Halo: The Master Chief Collection,,43.4,,306.56,1.0,Halo: The Master Chief Collection,,,
Getting Over It with Bennett Foddy,,6.26,,29.86,1.0,Getting Over It with Bennett Foddy,,,
Age of Empires II (Retired),,,,,0.0,,,,
Totally Accurate Battle Simulator,,8.66,,41.8,1.0,Totally Accurate Battle Simulator,,,
Spellbreak,,0.55,,22.68,1.0,Spellbreak,,,
War Robots,,0.0,,0.0,1.0,War Robots,,,
BioShock Infinite,,11.54,,28.5,1.0,BioShock Infinite,,,
American Truck Simulator,,22.82,,116.74,1.0,American Truck Simulator,,,
Business Tour - Board Game with Online Multiplayer,,,,,0.0,,,,
SoulWorker - Anime Action MMO,,,,,0.0,,,,
L.A. Noire,,22.17,,42.31,1.0,L.A. Noire,,,
Black Desert,,93.74,,2060.45,1.0,Black Desert,,,
Soundpad,,,,,0.0,,,,
Mount & Blade: Warband,,73.22,,232.56,1.0,Mount & Blade: Warband,,,
Supermarket Together,,11.89,,47.42,1.0,Supermarket Together,,,
NBA 2K20,,49.85,,301.77,1.0,NBA 2K20,,,
NieR:Automata,,21.27,,61.28,0.9629629629629629,NieR: Automata,,,
Tomb Raider Game of the Year,,11.32,,20.91,0.5714285714285714,Tomb Raider,,,
Crusader Kings III,,74.7,,585.79,1.0,Crusader Kings III,,,
Kathy Rain,,6.03,,6.98,1.0,Kathy Rain,,,
Monaco: What's Yours Is Mine,,8.32,,34.68,0.9642857142857143,Monaco: What's Yours is Mine,,,
Hell Let Loose,,35.92,,2610.0,1.0,Hell Let Loose,,,
Crucible Beta,,,,,0.0,,,,
METAL GEAR RISING: REVENGEANCE,,,,,0.0,,,,
Half-Life 2: Episode Two,,5.09,,8.85,1.0,Half-Life 2: Episode Two,,,
Albion Online,,33.0,,199.2,1.0,Albion Online,,,
FINAL FANTASY XV WINDOWS EDITION,,,,,0.0,,,,
House Flipper,,13.16,,49.43,1.0,House Flipper,,,
BeamNG.drive,,6.46,,15.14,1.0,BeamNG.drive,,,
Life is Strange: Before the Storm,,9.96,,12.93,0.9696969696969697,Life Is Strange: Before the Storm,,,
Mafia II: Definitive Edition,,11.28,,36.4,1.0,Mafia II: Definitive Edition,,,
Borderlands Game of the Year,,20.53,,74.57,0.9824561403508771,Borderlands: Game of the Year,,,
A Dance of Fire and Ice,,3.29,,21.39,1.0,A Dance of Fire and Ice,,,
Far Cry 3,,15.93,,36.21,1.0,Far Cry 3,,,
Slime Rancher,,14.56,,38.37,1.0,Slime Rancher,,,
"Warhammer 40,000: Darktide",,27.78,,214.33,1.0,"Warhammer 40,000: Darktide",,,
KurtzPel,,3.84,,0.0,1.0,KurtzPel,,,
Middle-earth: Shadow of War,,21.0,,56.95,0.9629629629629629,Middle-Earth: Shadow of War,,,
Assassin’s Creed IV Black Flag,,,,,0.0,,,,
V Rising,,46.9,,83.7,1.0,V Rising,,,
The Outlast Trials,,14.35,,77.12,1.0,The Outlast Trials,,,
POSTAL 2,,0.0,,0.0,0.8,POSTAL 2: VR,,,
Elite Dangerous,,113.63,,747.77,0.967741935483871,Elite: Dangerous,,,
One-armed robber,,4.53,,0.0,0.9375,One-armed Robber,,,
Disco Elysium - The Final Cut,,,,,0.0,,,,
Quake Champions,,12.06,,0.0,1.0,Quake Champions,,,
GunZ 2: The Second Duel,,9.1,,0.0,1.0,GunZ 2: The Second Duel,,,
Sleeping Dogs: Definitive Edition,,14.35,,41.73,1.0,Sleeping Dogs: Definitive Edition,,,
Far Cry 5,,18.32,,47.71,1.0,Far Cry 5,,,
"Warhammer 40,000: Dawn of War II - Anniversary Edition (Classic)",,,,,0.0,,,,
Clair Obscur: Expedition 33,,29.21,,68.13,1.0,Clair Obscur: Expedition 33,,,
BLOCKADE 3D,,,,,0.0,,,,
Slay the Spire,,12.32,,187.44,1.0,Slay the Spire,,,
Football Manager 2023,,77.12,,506.46,1.0,Football Manager 2023,,,
Survarium,,0.0,,0.0,1.0,Survarium,,,
Metro Exodus,,15.88,,41.65,1.0,Metro Exodus,,,
BioShock 2 Remastered,,10.55,,23.69,0.9767441860465116,BioShock 2,,,
The Descendant,,5.66,,10.03,1.0,The Descendant,,,
Fishing Planet,,4.62,,100.03,1.0,Fishing Planet,,,
Sniper Elite 5,,10.89,,41.65,1.0,Sniper Elite 5,,,
Ultimate Custom Night,,14.49,,41.91,1.0,Ultimate Custom Night,,,
Super Meat Boy,,9.2,,45.75,1.0,Super Meat Boy,,,
Kingdom Two Crowns,,21.45,,61.68,1.0,Kingdom Two Crowns,,,
The Bureau: XCOM Declassified,,10.51,,17.67,1.0,The Bureau: XCOM Declassified,,,
Mirror,,6.28,,14.22,1.0,Mirror,,,
Need For Speed: Hot Pursuit,,14.08,,31.08,0.9629629629629629,Need for Speed: Hot Pursuit,,,
Assassin's Creed Syndicate,,19.0,,55.75,0.9811320754716981,Assassin's Creed: Syndicate,,,
Cities: Skylines II,,28.7,,103.18,1.0,Cities: Skylines II,,,
DAVE THE DIVER,,,,,0.0,,,,
Starbound,,25.02,,164.83,1.0,Starbound,,,
Escape the Backrooms,,8.75,,14.54,1.0,Escape the Backrooms,,,
Buckshot Roulette,,0.45,,9.54,1.0,Buckshot Roulette,,,
Pathfinder: Wrath of the Righteous - Enhanced Edition,,,,,0.0,,,,
A Story About My Uncle,,3.06,,9.3,1.0,A Story About My Uncle,,,
Party Animals,,5.1,,107.42,1.0,Party Animals,,,
Street Fighter V,,3.34,,128.32,1.0,Street Fighter V,,,
STAR WARS: The Old Republic,,79.25,,1356.5,0.7777777777777778,Star Wars: The Old Republic,,,
BattleBlock Theater,,10.19,,42.81,1.0,BattleBlock Theater,,,
Dwarf Fortress,,60.58,,200.0,1.0,Dwarf Fortress,,,
Barotrauma,,52.12,,137.6,1.0,Barotrauma,,,
Gunfire Reborn,,13.55,,99.67,1.0,Gunfire Reborn,,,
Neon Abyss,,11.23,,87.84,1.0,Neon Abyss,,,
Clicker Heroes,,263.13,,1198.39,1.0,Clicker Heroes,,,
Football Manager 2022,,169.29,,767.67,1.0,Football Manager 2022,,,
Content Warning,,7.45,,19.73,1.0,Content Warning,,,
封灵档案,,0.0,,0.0,1.0,Soul Dossier,,,
Chivalry 2,,13.37,,70.58,1.0,Chivalry II,,,
Grand Theft Auto III,,14.1,,36.49,1.0,Grand Theft Auto III,,,
Assetto Corsa,,40.21,,291.77,1.0,Assetto Corsa,,,
Northgard: Definitive Edition,,,,,0.0,,,,
Star Conflict,,0.0,,0.0,1.0,Star Conflict,,,
Shadowrun Returns,,11.61,,17.77,1.0,Shadowrun Returns,,,
Killing Floor 2,,16.29,,129.69,1.0,Killing Floor 2,,,
Who's Your Daddy?!,,,,,0.0,,,,
Age of Empires II: Definitive Edition,,42.82,,219.39,1.0,Age of Empires II: Definitive Edition,,,
Braveland,,3.49,,6.32,1.0,Braveland,,,
Mortal Kombat 11,,6.31,,62.12,0.9375,Mortal Kombat 11,,,
Brotato,,5.4,,63.85,1.0,Brotato,,,
ARK: Survival Of The Fittest,,51.5,,55.25,0.9285714285714286,ARK: Survival of the Fittest,,,
The Lord of the Rings Online,,125.2,,1698.2,1.0,The Lord of the Rings Online,,,
SCP: Secret Laboratory,,15.0,,170.25,1.0,SCP: Secret Laboratory,,,
DARK SOULS III,,31.24,,100.48,0.5,Dark Souls III,,,
Mortal Kombat X,,5.68,,69.23,1.0,Mortal Kombat X,,,
Arma 2: Operation Arrowhead,,8.11,,23.24,0.8888888888888888,ARMA II: Operation Arrowhead,,,
South Park: The Stick of Truth,,11.38,,21.19,1.0,South Park: The Stick of Truth,,,
Nioh: Complete Edition,,41.93,,143.84,1.0,Nioh: Complete Edition,,,
Blender,,1.79,,4.12,0.7,Blender Bros.,,,
Kenshi,,81.31,,273.7,1.0,Kenshi,,,
Guacamelee! Super Turbo Championship Edition,,7.02,,15.76,0.9887640449438202,Guacamelee!: Super Turbo Championship Edition,,,
Deceit,,3.8,,51.87,1.0,Deceit,,,
Manor Lords,,10.54,,28.48,1.0,Manor Lords,,,
Total War: WARHAMMER II,,41.47,,763.8,0.6521739130434783,Total War: Warhammer II,,,
Company of Heroes - Legacy Edition,,,,,0.0,,,,
Guild Wars 2,,83.32,,1841.9,1.0,Guild Wars 2,,,
Car Mechanic Simulator 2018,,28.54,,89.8,1.0,Car Mechanic Simulator 2018,,,
Moonlighter,,14.07,,29.51,1.0,Moonlighter,,,
Kingdom: Classic,,7.96,,24.84,1.0,Kingdom: Classic,,,
Vindictus,,512.38,,1000.0,1.0,Vindictus,,,
Ori and the Will of the Wisps,,11.99,,18.27,1.0,Ori and the Will of the Wisps,,,
Dying Light 2 Stay Human: Reloaded Edition,,,,,0.0,,,,
PAYDAY The Heist,,9.99,,48.79,0.6666666666666666,Payday: The Heist,,,
SPORE,,,,,0.0,,,,
Football Manager 2020,,281.75,,518.84,1.0,Football Manager 2020,,,
Deathmatch Classic,,1.21,,12.0,1.0,Deathmatch Classic,,,
Wolfenstein: The New Order,,11.36,,24.33,1.0,Wolfenstein: The New Order,,,
The Stanley Parable,,1.45,,9.09,1.0,The Stanley Parable,,,
Codename CURE,,9.41,,0.0,1.0,Codename CURE,,,
The Elder Scrolls V: Skyrim,,34.75,,237.33,1.0,The Elder Scrolls V: Skyrim,,,
Loadout,,13.27,,0.0,1.0,Loadout,,,
MultiVersus,,6.13,,90.85,1.0,MultiVersus,,,
Hotline Miami,,5.24,,15.43,1.0,Hotline Miami,,,
"Warhammer 40,000: Space Marine - Anniversary Edition",,7.59,,22.45,1.0,"Warhammer 40,000: Space Marine",,,
Fallout 3: Game of the Year Edition,,26.44,,106.34,1.0,Fallout 3: Game of the Year Edition,,,
Metin2,,176.14,,966.67,1.0,Metin2,,,
Resident Evil 4,,16.16,,64.92,1.0,Resident Evil 4,,,
Europa Universalis IV,,95.5,,1626.03,1.0,Europa Universalis IV,,,
Transformice,,0.0,,770.12,1.0,Transformice,,,
GRIS,,3.55,,6.44,1.0,GRIS,,,
Castle Crashers,,7.17,,36.17,1.0,Castle Crashers,,,
The Red Solstice,,14.89,,0.0,1.0,The Red Solstice,,,
SOMA,,,,,0.0,,,,
Hades,,23.36,,95.19,1.0,Hades,,,
HITMAN,,,,,0.0,,,,
DEVOUR,,,,,0.0,,,,
Hitman: Blood Money,,11.84,,20.44,1.0,Hitman: Blood Money,,,
AdVenture Capitalist,,43.94,,190.13,1.0,AdVenture Capitalist,,,
Just Cause 2: Multiplayer Mod,,17.22,,55.0,1.0,Just Cause 2: Multiplayer Mod,,,
MORDHAU,,15.79,,175.86,1.0,MORDHAU,,,
Fallout: New Vegas,,26.88,,130.69,1.0,Fallout: New Vegas,,,
