name,itad_id,is_free,has_discount,discount_pct,current_price,regular_price,best_shop,history_low_all,history_low_y1,history_low_m3
Dawn of Defiance,018f5873-9240-7122-8fe4-3a8e922b70fe,False,False,0.0,19.99,19.99,Steam,9.99,12.99,12.99
Folie Fatale,018d937f-7b56-7380-8f96-f812ecec51c4,,,,,,,,,
Escape,018d937f-1c86-7166-9639-88c9bfa7d3d6,True,,,0.0,0.0,Steam,1.59,,
breakfive,018d937f-79b6-7283-b828-628832b5f90a,,,,,,,,,
Shady Part of Me,018d937f-30ad-7037-b306-ab782c51a1da,False,True,85.0,2.24,14.99,Epic Game Store,2.2,2.2,2.2
N1L (No1Lives),018d937f-6a1f-701c-8378-e3447627433c,True,,,0.0,0.0,Steam,,,
Faith Of Life _ Survive Edition,0192a9b1-5cf1-7067-b0d4-0a3a349c951c,False,False,0.0,4.99,4.99,Steam,0.69,0.69,0.69
Hiking Simulator 2018,018d937f-2a05-73f6-a88a-41391e348e27,False,True,61.0,0.77,1.99,Steam,0.49,0.77,0.77
Saleblazers,018d937f-6f08-704a-b5c0-58505e4b8871,False,True,55.0,13.49,29.99,Steam,13.49,13.49,13.49
Astro Sentai Jarbonder,018d937f-49f4-704e-8700-243935fcfb50,True,,,0.0,0.0,Steam,,,
The Order of the Snake Scale,018d937f-7513-7235-8db4-e6b96738093b,False,True,50.0,4.49,8.99,Steam,4.49,4.49,4.49
John Wick Hex,018d937f-2cfb-7366-8dfc-7948a809abd2,,,,,,,,,
Dragon's Lair,018d937f-1f46-7086-bcd3-cd18fadad41b,False,False,0.0,9.99,9.99,Steam,2.49,4.99,4.99
Village Feud,018d937f-24ea-71e1-bc7c-d6867c172d48,False,False,0.0,3.99,3.99,Steam,3.99,3.99,3.99
Pyramid Runner,018f9a2a-5431-7144-a026-cefa5791467b,False,False,0.0,8.99,8.99,Steam,2.39,2.96,4.49
This Grand Life,018d937f-087c-7209-b8b8-d9f88afef690,False,True,21.0,9.49,11.99,Fanatical,5.39,5.99,5.99
Era of Miracles,018d937f-3868-7146-adc4-667497bf1618,False,True,95.0,1.49,29.99,Steam,0.28,1.49,1.49
Blaster Shooter GunGuy!,018d937f-154d-7270-9570-dffb289fa619,False,False,0.0,1.99,1.99,IndieGala Store,0.29,0.99,1.99
Island Dash,018d937f-121c-7208-b338-f57b2150f48d,True,,,0.0,0.0,Steam,,,
Naval Armada: Fleet Battle,018d937f-4d42-713f-9154-4239c250c200,True,,,0.0,0.0,Steam,,,
Deadly Nightmare,018d937f-5cdf-71ac-b6cb-f7cc82633649,False,False,0.0,4.99,4.99,Steam,1.49,1.49,1.49
Tetrobot and Co.,018d937f-26dd-728e-ae8f-d185ed6fa913,False,False,0.0,9.99,9.99,Humble Store,1.99,1.99,3.99
The Curse of the Demon Tree,01913951-7897-7220-9ccc-ee8709a61c61,False,False,0.0,0.99,0.99,Steam,0.79,0.99,0.99
Ratten Reich,018d937f-63ad-739f-ba8f-8fecf946ea37,False,True,60.0,7.99,19.99,Humble Store,7.99,7.99,7.99
A Summer's End - Hong Kong 1986,018d937f-3fc4-7278-8c13-3ecf50376b18,False,False,0.0,14.99,14.99,Steam,10.04,10.04,10.49
魔塔地牢,018d937f-55e5-7237-b350-74a165d6bb9a,False,False,0.0,2.99,2.99,Steam,1.07,1.07,1.07
Wanba Warriors,018d937f-0e8d-7115-aaf8-578876bc1c80,False,True,70.0,1.49,4.99,Fanatical,1.19,1.49,1.49
Survivors of the Dawn,018d937f-6f16-70b2-a569-49175e626e3c,False,False,0.0,7.99,7.99,Humble Store,3.19,3.99,3.99
Snapshot,018d937e-ffca-703f-b64e-fd0c9a234621,False,False,0.0,9.99,9.99,GOG,2.49,2.99,9.99
Barro F22,018d937f-5f56-7076-ae11-f913b825371d,False,True,90.0,0.49,4.99,Steam,0.39,0.49,0.49
Blueshift,018d937f-2d7b-7286-8222-8b6baa267ea4,True,,,0.0,0.0,Steam,,,
Snik,018d937e-f9ed-72ef-8dda-ad93d42ac95a,False,False,0.0,2.99,2.99,Fanatical,0.49,2.99,2.99
Liquidators,018d937f-4685-73d4-bd3f-0d4840150a54,True,,,0.0,0.0,Steam,,,
Conarium,018d937f-00a6-738a-80d6-07c4f37c29e5,False,True,82.0,3.59,19.99,Fanatical,0.99,3.3,3.59
100 hidden mushrooms,018d937f-4ce0-709b-9dd7-ef9f14e8eb76,False,False,0.0,0.99,0.99,Steam,0.29,0.59,0.59
Sine Mora EX,018d937f-1309-73ac-8328-4b3a7644a06a,False,True,82.0,1.8,9.99,Newegg,0.99,0.99,1.34
Shantae and the Pirate's Curse,018d937f-2429-7362-855c-49db42caf242,False,True,43.0,11.47,19.99,GreenManGaming,4.99,7.63,7.99
The Swine,018d937f-428c-7203-82a4-790acba5cf2b,False,False,0.0,1.99,1.99,Steam,0.59,0.59,0.69
Soundboxing,018d937f-18f0-724d-a62c-4efb2b5aa37b,False,False,0.0,15.99,15.99,Steam,3.19,15.99,15.99
"That Dragon, Cancer",018d937f-263b-72f9-81a8-547290cc0d7d,False,False,0.0,9.99,9.99,Steam,5.99,9.99,9.99
House of Rules,018d937f-55bd-70c4-a60e-4476cd9fbfc7,False,False,0.0,7.99,7.99,Steam,2.39,2.39,3.99
Pro Gamer Manager,018d955b-c356-7130-b720-c47c855a5c0a,False,True,11.0,8.89,9.99,Fanatical,2.99,8.89,8.89
UFO: Henfield,018d937f-799a-70c9-836c-9bdc293c70e0,False,False,0.0,8.99,8.99,Steam,5.39,8.99,8.99
Astro Joust,018d937f-1ea0-72a1-8c50-28ad30564854,False,True,45.0,0.54,0.99,Steam,0.54,0.54,0.54
Wurroom,018d937f-3852-7250-8851-79a8ff7bb35e,True,,,0.0,0.0,Steam,,,
Pro 11 - Football Manager Game,018d937f-3e62-7065-b9d4-9b0f73402a5d,True,,,0.0,0.0,Steam,,,
Base One,018d937f-4c6d-714f-9b2d-9c7d62453e30,False,True,90.0,2.49,24.99,IndieGala Store,2.49,2.49,2.49
Fortune's Run,018d937f-69cd-7256-b33a-95dd030a47eb,False,False,0.0,19.99,19.99,GOG,15.99,15.99,15.99
Hide Or Die,018d937f-041a-7008-941d-80e4a9bb3ab0,,,,,,,,,
Sinned,018d937f-7030-72ae-89f4-7b5fe10fee3d,False,False,0.0,4.99,4.99,Steam,3.24,4.99,4.99
Blood of the Werewolf,018d937e-f53d-7113-b80f-30ada69d823c,False,False,0.0,4.99,4.99,GamersGate,0.99,1.25,1.25
Motorcycle Mechanic Simulator 2021,018d937f-4824-72eb-8476-a752f16dc5dc,False,False,0.0,19.99,19.99,Humble Store,1.99,1.99,1.99
Aurora: A Child's Journey,018d937f-496d-71fc-82ae-89f792c947e6,True,,,0.0,0.0,Steam,,,
Avalanche 2: Super Avalanche,018d937f-1ee5-727d-8447-0beef041a8da,False,False,0.0,4.99,4.99,Steam,0.49,2.49,2.49
Wild Workshop,018d937f-4aff-71f6-9807-830e17132285,,,,,,,,,
Celadon,018d937f-64b1-7298-ac90-fb5a1fc90b54,False,False,0.0,4.99,4.99,Steam,1.24,4.99,4.99
Wartune Reborn,018d937f-4e82-7031-8596-5e501d8ee901,True,,,0.0,0.0,Steam,,,
Shape Shifter,018d95bb-773b-7298-af59-5759b5734049,False,False,0.0,1.99,1.99,Steam,0.49,0.99,0.99
Sea Power : Naval Combat in the Missile Age,018d937f-4257-70c8-bd0e-87bba3f474d9,False,True,20.0,39.99,49.99,Steam,37.49,39.99,39.99
Batman: Arkham City,018d937f-067b-70c3-901d-b3e01fb740ec,,,,,,,,,
ALICE VR,018d937f-0838-739d-8bd6-c9a185a9aa03,False,True,92.0,0.79,9.99,GOG,0.29,0.49,0.49
The Devils - A Visual Novel Of WWII,018d937f-5c17-7388-a9b8-fd8d239be69c,False,False,0.0,1.99,1.99,Steam,1.99,1.99,1.99
KillSteel,018d937f-4063-727d-ac33-776078ad0ee4,True,,,0.0,0.0,Steam,,,
Drakensang: The River of Time,018d937f-25e2-71b0-a622-2f303a983632,False,True,11.0,17.88,19.99,Fanatical,1.91,3.99,3.99
Hexologic,018d937f-155f-7382-a1c1-393634586f4e,False,True,50.0,1.49,2.99,Humble Store,0.59,0.74,0.74
Hope Lake,018d937f-103e-7201-8bec-72726593b213,False,False,0.0,7.99,7.99,Steam,0.87,0.95,1.67
Paranormal State: Poison Spring,018d937f-0e77-7324-8828-d28ddf4737af,,,,,,,,,
TVs: The Awakening,018d937f-6361-73bf-b74a-96854b03c4c1,True,,,0.0,0.0,Steam,0.49,,
Demon Blast,018d937f-3ebf-71e2-acb9-e42c07217213,False,False,0.0,14.99,14.99,Steam,4.49,14.99,14.99
Realities,018d937f-190d-705d-bef3-4543f4c2b4c8,True,,,0.0,0.0,Steam,,,
Awesome Metal Detecting,018d937f-262b-709b-9054-bcfa006a881b,False,True,60.0,3.99,9.99,Steam,1.99,3.99,3.99
Family Man,018d937f-1a02-70d5-8795-9bbfdf865132,False,False,0.0,19.99,19.99,Epic Game Store,1.99,1.99,1.99
Corpse Party (2021),018d937f-57e4-7205-9be0-d41cc55c17aa,False,True,50.0,9.99,19.99,Humble Store,9.99,9.99,9.99
Blazing Chrome,018d937f-2643-7320-8197-4a2561a8ae7d,False,True,75.0,4.24,16.99,Humble Store,1.0,3.19,4.24
Amazing Frog? 2,018d937f-78a8-7248-9193-9f12727f166a,False,False,0.0,19.99,19.99,Steam,13.99,13.99,13.99
MARVEL vs. CAPCOM Fighting Collection: Arcade Classics,01902bc1-9c67-71ad-a814-747989ab3fd7,False,True,58.0,20.95,49.99,GameBillet,18.55,18.55,20.7
Slash or Die,018d937f-0a99-7191-b55c-99ef4297b423,False,True,27.0,4.4,5.99,Fanatical,0.67,2.99,2.99
Zoo 2: Animal Park,018d937f-45da-735e-a172-e9811410a27b,True,,,0.0,0.0,Steam,,,
REMEDIUM,018d937f-6eff-7374-8fd0-e8bc4ded585c,False,True,35.0,11.69,17.99,Epic Game Store,10.49,10.49,10.49
Super Galaxy Squadron EX Turbo,018d937f-0fd1-7395-9955-e77cdc3897dc,False,True,27.0,7.34,9.99,Fanatical,0.79,0.79,0.79
Bonsai,018d937f-2b70-7215-b1c1-bdb6dc708737,False,False,0.0,0.99,0.99,Steam,0.49,0.99,0.99
Dakar Desert Rally,018d937f-63a9-72c7-ac78-017babda7567,False,True,80.0,5.99,29.99,Epic Game Store,5.99,5.99,5.99
UNI,018d937e-f802-73b0-aa2b-ddfdf4fab52e,False,False,0.0,4.99,4.99,Steam,0.49,0.99,0.99
The Swindle,018d937f-13a3-7033-a626-cf0e6bf88382,False,True,75.0,3.75,14.99,GOG,1.49,2.24,2.24
I am Setsuna,018d937f-12d9-703d-baad-f6d5319c280e,False,False,0.0,39.99,39.99,Newegg,11.99,11.99,11.99
Wizard Warfare,018d937f-3c42-7060-8954-d3261eaea9bc,False,False,0.0,6.99,6.99,Steam,5.59,5.59,5.59
Mechs V Kaijus - Tower Defense,018d962c-64d6-7344-bde5-353282e1a429,,,,,,,,,
Super Space Pug,018d937f-2bd3-70e7-90bc-475e692fa164,False,False,0.0,1.99,1.99,Steam,0.49,0.99,0.99
TeraBlaster,018d937f-03e0-71b7-9d03-eb72cff52826,True,,,0.0,0.0,Steam,0.19,,
Everreach: Project Eden,018d937f-13c9-715f-8e86-ca2248106713,False,True,95.0,1.24,24.99,Epic Game Store,0.94,0.99,1.24
Card Survival: Tropical Island,018d937f-5518-7393-8a28-84c9f8d4f8e8,False,False,0.0,24.99,24.99,Steam,6.99,12.49,12.49
Beeswing,018d937e-ff61-709c-83b1-d40335c124eb,False,False,0.0,4.99,4.99,Steam,0.49,0.99,0.99
Kane's Shadow,018d937f-4075-7231-a936-12f3310beb2f,True,,,0.0,0.0,Steam,,,
Automachef,018d937f-34a8-73c7-8e90-994dc1edb5f6,False,True,87.0,1.94,14.99,Fanatical,1.0,1.25,1.86
Shan Gui (山桂),018d937f-29a1-725b-8ab6-a2fb086884b5,False,False,0.0,0.99,0.99,IndieGala Store,0.49,0.99,0.99
Arsenal of Democracy: A Hearts of Iron Game,018d937f-0862-7269-8c5f-1e0d4a267eee,False,False,0.0,9.99,9.99,AllYouPlay,1.49,2.5,2.5
DOGMAN,018d937f-4810-7162-b750-4073472a93ff,False,False,0.0,2.99,2.99,Steam,1.79,2.99,2.99
Youtubers Life 2,018d937f-4ee6-73fa-8ac2-2b9e4ad0bdb1,False,True,60.0,9.99,24.99,IndieGala Store,5.31,5.31,8.2
Starfighter Aces,018d937f-55ed-72c1-85ac-697b0a107617,False,False,0.0,4.99,4.99,Steam,4.99,4.99,4.99
Last Heroes,018d937f-26a7-707d-8ace-19362b1ec01c,False,True,92.0,0.79,9.99,Steam,0.19,0.53,0.53
Cthulhu: Death Escape / 克苏鲁:死亡逃脱 Prototype,018d9728-7057-7105-be51-c87762c32f18,True,,,0.0,0.0,Steam,,,
Escape Rosecliff Island,018d937f-1599-718c-8bd9-4cac5523cca8,False,False,0.0,4.99,4.99,Steam,0.99,0.99,0.99
TDP5 Arena 3D,018d937f-27e9-72a8-9365-d3058cf868a1,True,,,0.0,0.0,Steam,,,
Night Reverie: Prologue,018d937f-4868-7372-a682-686201566bc0,True,,,0.0,0.0,Steam,,,
The Mahjong Huntress,018d937f-0a18-720e-ac4b-318b2a5727a1,False,False,0.0,4.99,4.99,MacGameStore,0.37,0.84,0.84
Evil Bank Manager,018d937f-11ca-714c-a561-176ce474ce66,False,False,0.0,11.99,11.99,Steam,5.75,5.99,5.99
Fear the Night - 恐惧之夜,018d937f-00f0-734f-b5d3-6148ae5ca0c3,,,,,,,,,
Happy Bones,018d937f-4b2b-7202-b9f7-a28f8c8ddc83,False,False,0.0,3.99,3.99,Steam,0.99,3.99,3.99
Night Gate,018d937f-6612-70e0-abaf-781af6e06bb4,,,,,,,,,
Breakpoint,018d937f-4259-72b2-b790-cf59404e7665,False,True,85.0,0.74,4.99,Humble Store,0.74,0.74,0.74
DRONE The Game,018d967d-37b6-73e5-b7c5-b26bee52ad5b,,,,,,,,,
Cool People Club,018d937f-6775-70d3-af5c-1f83aba9374d,True,,,0.0,0.0,Steam,4.99,,
Killer Klownz,018d937f-03b2-7398-bb4b-ac0044a9935c,False,False,0.0,4.99,4.99,Steam,0.31,0.49,0.49
CatTuber,018d937f-64a9-72b1-9fdf-b1561412df5e,False,False,0.0,4.99,4.99,Steam,4.99,4.99,4.99
Dominions 4: Thrones of Ascension,018d937f-35e4-72c3-a2c8-666d590ef241,False,False,0.0,34.99,34.99,Steam,5.24,6.56,6.99
Return the Backrooms,018d937f-669d-73f9-a24d-6adedde424d7,False,False,0.0,3.99,3.99,Steam,1.49,1.49,1.59
Mount Your Friends 3D: A Hard Man is Good to Climb,018d937f-138c-736d-984a-869e39fd8748,False,False,0.0,6.99,6.99,Steam,1.39,2.79,2.79
The Spiral Scouts,018d937f-1ec3-73ad-af3e-2c5630eebeef,False,True,80.0,1.99,9.99,Humble Store,1.6,1.6,1.6
GRUNND,018d937f-4a01-73b3-9940-085f45fd3312,False,True,80.0,2.99,14.99,IndieGala Store,1.97,1.97,1.97
pyramida,018d937f-45ee-7003-9ff6-a8c64551734f,False,True,50.0,1.49,2.99,Steam,1.49,1.49,1.49
Tower of Madness,0191863e-74dc-70d3-b4fe-7af79c3736d3,False,False,0.0,4.99,4.99,Steam,2.99,2.99,2.99
Jets'n'Guns 2,018d937f-2a0b-7215-8390-ed28c23c0942,False,True,80.0,2.99,14.99,IndieGala Store,2.99,2.99,2.99
Slavistan,018d937f-24a5-719c-aaf0-4988b35db2bc,False,False,0.0,2.99,2.99,Steam,0.35,0.59,0.59
Hexen: Deathkings of the Dark Citadel,018d937f-331a-711c-be5f-629ba3282ff9,,,,,,,,,
Home Sheep Home: Farmageddon Party Edition,018d937f-3a26-7089-b848-93374c0bed9a,False,False,0.0,9.99,9.99,GreenManGaming,1.49,1.49,1.49
UNREAL LIFE,018d937f-4818-71e9-8370-c6b580fe7ccc,False,True,40.0,11.99,19.99,GamersGate,7.49,7.49,11.99
Asgard's Fall — Viking Survivors,0194dad4-c2a3-7303-8bed-28d4d2eb831b,False,True,33.0,4.68,6.99,Humble Store,4.68,4.68,4.68
道衍诀,018d937f-7b47-7024-9d0a-336301dee3c3,False,False,0.0,11.99,11.99,Steam,10.19,11.99,11.99
REDCON,018d937f-07cf-7276-9975-8dc3d18753ae,False,False,0.0,14.99,14.99,Steam,2.99,7.49,14.99
The 7th Guest,018d957f-ea60-709e-8bfa-117eb680664f,,,,,,,,,
Geneforge 3,018d937f-1780-7393-9b07-7e51696b0c5d,,,,,,,,,
Crazy Buggy Racing,018d937f-0c57-7320-8b38-7f8e1975a868,False,True,86.0,0.69,4.99,IndieGala Store,0.49,0.69,0.69
Batman: Arkham Asylum Game of the Year Edition,018d937f-083f-702e-9c07-4813977240a8,False,True,88.0,2.45,19.99,GameBillet,0.5,2.45,2.45
POOSTALL Royale,018d937f-6c8c-71fa-83af-fcf40a6b39b7,True,,,0.0,0.0,Steam,,,
Half Minute Hero: The Second Coming,018d937f-37f8-7146-8f5f-d9bb8ab72b1f,False,False,0.0,9.99,9.99,Steam,1.99,9.99,9.99
AquaNox 2: Revelation,018d937f-343f-72e1-b6fd-595e31613d82,False,True,78.0,1.09,4.99,Steam,0.49,0.95,1.01
Stories One,018d937f-74a7-71a2-a050-de07c0b91a1a,True,,,0.0,0.0,Steam,,,
Space Rogue,018d937f-2097-72eb-b7bb-ba76927cd418,False,False,0.0,9.99,9.99,Steam,0.99,9.99,9.99
1000 days to escape,018d937f-09f1-721f-8fe8-2d8ab0a26fb7,False,True,50.0,2.49,4.99,Steam,1.74,1.74,1.74
Shotgun Legend,018d937f-360e-7114-ab47-bcf79001b5fb,False,False,0.0,0.99,0.99,Steam,0.28,0.49,0.49
Diddy,0192962a-9557-7274-9459-7a4ac4061fca,,,,,,,,,
Avalom: Ancestral Heroes,018d937f-4980-732b-9e76-e51703c048e4,,,,,,,,,
Game Character Hub,018d937f-154d-7270-9570-dffb2643ef3c,False,False,0.0,14.99,14.99,Steam,1.79,11.99,11.99
Knights of Pen and Paper 3,018d937f-6b91-7040-9dcf-645891e8530b,,,,,,,,,
ANKI,018d937e-f083-72b5-bfdf-5459a4af32b6,False,False,0.0,0.99,0.99,IndieGala Store,0.49,0.79,0.79
Tiki Man,018d937f-20c7-7346-8e13-3abd14973cc5,False,False,0.0,0.99,0.99,IndieGala Store,0.23,0.89,0.89
Westboro,018d937f-2430-7274-91e8-57b9e1deaeda,False,False,0.0,3.99,3.99,Steam,0.39,0.67,0.67
Isles of Sea and Sky,018d937f-759f-7158-9103-4a3599d3086c,False,False,0.0,19.99,19.99,Steam,3.99,3.99,3.99
Spaceslingers,018d937f-443c-7175-bcb0-5cc2e5f334b8,False,False,0.0,1.99,1.99,Steam,0.99,1.99,1.99
Zoochosis,018d937f-7b09-7107-b43d-0685d73569d4,False,True,52.0,11.99,24.99,Steam,11.99,11.99,11.99
Strife: The Expanse,018d937f-4ebd-705e-90b9-e2bdc34859d0,False,False,0.0,1.99,1.99,Steam,0.37,0.55,1.99
Orwell's Animal Farm,018d937f-4625-70bc-aa70-eb6cef57c636,False,True,90.0,0.99,9.99,GOG,0.99,0.99,0.99
Real Zombie War Simulator,018d937f-6b32-73bc-a92f-7b936551672b,False,False,0.0,0.99,0.99,Steam,0.49,0.49,0.49
HOLE,018d937f-15cc-724a-9f05-0c0f4128c395,False,False,0.0,4.99,4.99,Steam,0.28,3.99,3.99
Lost Skies,018d937f-6e74-71c6-80bf-00e2712b46c4,False,True,30.0,17.49,24.99,Humble Store,17.49,17.49,17.49
OVIVO,018d937f-1066-714b-a074-2dfc544d37b1,False,False,0.0,9.99,9.99,Steam,0.49,0.99,1.99
Super Toy Cars,018d937f-045e-71ff-97f3-d249730fe7c1,False,False,0.0,9.99,9.99,MacGameStore,0.75,0.99,0.99
AR-K,018d937f-1b2c-7361-aba6-3874c47e241f,False,False,0.0,7.99,7.99,Fanatical,0.79,7.99,7.99
Bodycam:Adrenaline,0196220a-691b-723f-a28b-f09addffcbc7,,,,,,,,,
Multiverse Loot Hunter,018dd3cc-aadd-72d3-8382-0cc0d4392af4,False,False,0.0,11.99,11.99,Steam,10.79,10.79,10.79
War Mongrels,018d937f-4654-73b1-bdc8-f2609fb3d78a,False,True,84.0,7.19,44.99,Fanatical,3.82,3.82,3.82
Sunrider Academy,018d937f-1640-719e-a097-f3d4df258f19,False,True,84.0,1.6,9.99,GreenManGaming,0.99,1.6,1.6
Geneforge 4: Rebellion,018d937e-ff0c-7337-9c10-b3d1d8a663eb,,,,,,,,,
Apollo 11 VR,018d937e-f516-73b3-a450-a33e56a8a8cb,False,False,0.0,9.69,9.69,Steam,4.84,9.69,9.69
Insanity's Blade,018d937f-30f5-7387-ae56-283e8b4aa544,False,True,75.0,1.49,5.99,Steam,0.89,0.89,1.49
NervBox,018d937f-6cae-70fd-8fc2-f9c48315b6c0,False,False,0.0,14.99,14.99,Steam,10.04,10.04,10.04
Overload,018d937f-2eef-7303-ac8a-85b480f6ee81,False,False,0.0,29.99,29.99,Humble Store,5.09,5.99,5.99
A Day Out,018d937f-69b8-720f-8586-251bcc6599aa,False,True,50.0,4.99,9.99,Steam,4.99,4.99,4.99
The Secret Order 2: Masked Intent,018d937f-2d08-725a-b5f3-44a92c9361ed,False,False,0.0,9.99,9.99,IndieGala Store,1.99,3.74,3.74
The Bonerooms,018d937f-7a07-73af-89ed-9377b367d38a,True,,,0.0,0.0,Steam,1.49,,
Magic Rampage,018d937f-30df-718c-94e6-d4826b1d3ecc,True,,,0.0,0.0,Steam,2.99,,
Dexter Stardust : Adventures in Outer Space,018d937f-50ad-70d2-bd69-35f0874e85ac,False,False,0.0,9.99,9.99,Steam,2.49,2.49,4.99
Holopoint,018d937f-1174-71ec-a6fb-1da41766dd3f,False,False,0.0,10.99,10.99,Steam,5.99,10.99,10.99
Choice of Robots,018d937f-045a-7041-a814-c33780aca0ff,False,False,0.0,6.99,6.99,Steam,2.94,4.89,4.89
Hero Plus,018d937f-123a-7216-ba4b-e01be2f9b267,True,,,0.0,0.0,Steam,,,
Brushwood Buddies,018d937f-22aa-736e-bea5-d5caab6a9099,False,False,0.0,2.99,2.99,Steam,0.38,0.59,0.59
Yargis - Space Melee,018d937e-ea28-7385-82ae-194daaaefb0e,False,False,0.0,2.99,2.99,Steam,0.38,1.19,1.49
Lux Delux,018d937f-1560-731e-8b1d-e8dd82709603,False,True,66.0,3.39,9.99,Steam,1.19,3.39,3.39
Stardom 3,018d937f-5e4c-7075-9a32-01345988e805,,,,,,,,,
The Office Quest,018d937f-1227-73a0-9e3a-e21fa45598b6,False,False,0.0,5.99,5.99,Steam,0.89,4.49,5.99
Armada: Modern Tanks,018d937f-1188-7195-8d3a-4d07e6661fed,,,,,,,,,
Sports Bar VR,018d957a-8d88-72af-9393-85603b5b7b0e,False,False,0.0,19.99,19.99,Humble Store,6.99,19.99,19.99
TRIBES 3: Rivals,018d937f-7989-724e-8e4f-fdb77eb4e815,False,False,0.0,19.99,19.99,Steam,9.99,19.99,19.99
The Bird's Realm 3,018d937f-60a9-7222-8014-3fa6a39d354e,False,False,0.0,0.99,0.99,Steam,0.79,0.99,0.99
No More Heroes 2: Desperate Struggle,018d937f-50bc-708d-b71e-5da75b106172,False,True,50.0,9.99,19.99,Humble Store,9.99,9.99,9.99
Sprite Fantasia,018d937f-69be-7195-a34d-76f44acc1f71,True,,,0.0,0.0,Steam,,,
Wolf's Gang,018d937f-4634-71fe-a5f5-265ac5b9ecba,True,,,0.0,0.0,Steam,,,
Dakar 18,018d937e-f511-7381-9236-eaea8fc677e6,False,True,90.0,2.99,29.99,Humble Store,2.99,2.99,2.99
Doom Sweeper,018d937f-7326-7185-9bed-f33501b787c7,False,False,0.0,4.99,4.99,Steam,1.99,1.99,1.99
WRC 6 FIA World Rally Championship,018d937f-1a83-7131-9e6d-0044b8fbad2a,False,True,92.0,1.27,14.99,Fanatical,1.16,1.19,1.19
Castle In The Darkness,018d937e-fceb-70ae-bb3b-01de0a2161a1,False,False,0.0,5.99,5.99,Humble Store,0.99,2.99,2.99
NSFW ~ Not a Simulator For Working,018d937e-ff0d-701a-933e-106381468441,False,False,0.0,2.99,2.99,Humble Store,0.59,0.59,0.59
One More Dungeon,018d937f-2872-71eb-b92e-628012845382,False,False,0.0,4.99,4.99,Fanatical,0.74,0.99,1.99
Collapse: A Political Simulator,018d937f-4b6f-7228-b215-31d56992b772,False,False,0.0,6.99,6.99,Steam,2.79,2.79,2.79
The Butterfly Sign: Human Error,018d937e-ff79-7006-af68-00a549f04a36,,,,,,,,,
Beyond Reality,018d937f-1930-73d6-bffe-5c9bf86257de,False,True,92.0,0.79,9.99,Steam,0.49,0.79,0.79
接触: 第一章(The Encounter: Chapter One),018d937f-74bf-70d0-982c-647479b370c9,,,,,,,,,
Kiwi Clicker - Juiced Up,018d937f-6e8a-7317-918d-dc6295997b1e,,,,,,,,,
Inexistence,018d937f-0a1d-7114-bee5-c9d70bd07d43,False,False,0.0,2.99,2.99,IndieGala Store,0.29,0.5,2.99
Atonement 2: Ruptured by Despair,018d937e-ea1d-7109-9842-5d9d9cc9cf71,False,False,0.0,5.99,5.99,Steam,0.59,0.83,0.83
L.A. Noire: The VR Case Files,018d9564-c0cc-708b-a637-6a2c5ef9cf5b,False,True,50.0,14.99,29.99,WinGameStore,8.39,12.9,13.05
Lock Down,0193106b-efb1-7306-9d2f-bda658bfe502,False,False,0.0,10.99,10.99,Steam,9.34,10.99,10.99
Levelhead,018d937f-0a90-7135-8b14-013223d00bf2,False,True,40.0,2.99,4.99,Steam,0.99,0.99,2.26
Xuan-Yuan Sword: The Scar of Sky,018d9777-e0f4-736d-b278-3713feb8763d,,,,,,,,,
Love Ribbon,018d937f-11fe-716b-9418-aa790c2dadb1,False,False,0.0,9.99,9.99,Steam,2.49,2.49,9.99
Tank Brawl 2: Armor Fury,018d937f-4d39-71d0-8a6e-2fcb8418015f,True,,,0.0,0.0,Steam,4.99,,
False Skies,018d937f-66b9-714e-8c09-9389c56abd90,False,False,0.0,8.99,8.99,Steam,4.49,4.49,4.49
Overboard!,018d937f-382d-7191-bcb6-4ea5696f6a31,,,,,,,,,
GRANADO ESPADA,018d937e-f046-71c3-8bca-f9ee16f9fb99,,,,,,,,,
"1,000 Heads Among the Trees",018d937e-efde-713c-94b1-e001403338d5,False,True,80.0,0.99,4.99,MacGameStore,0.37,0.99,0.99
Mutational Loading,01948ece-75ff-7026-a09b-5b2c3b6b10fa,False,False,0.0,2.99,2.99,Steam,2.99,2.99,2.99
Chamber Survival,018ef1ab-673b-724a-b1f2-0e52ca1d2991,False,True,80.0,3.19,15.99,Steam,0.71,0.79,0.79
Gray Dawn,018d937f-0ead-72c8-94a5-e76fa15dbef0,False,True,15.0,16.99,19.99,Fanatical,1.0,1.49,14.99
'n Verlore Verstand,018d937f-1ca2-73eb-b562-01d2266a947b,False,True,86.0,0.69,4.99,Steam,0.49,0.49,0.69
Tales of Maj'Eyal,018d937f-1f1f-73bc-a318-abb845ffea74,False,False,0.0,6.99,6.99,GreenManGaming,1.39,3.49,3.49
Leaving Lyndow,018d937e-f008-70c8-9063-1c23878adc05,False,False,0.0,3.99,3.99,Steam,0.79,0.79,0.79
Darkstone,018d937f-362f-72f1-ab4a-b92f63744506,False,True,30.0,4.19,5.99,GOG,0.38,0.38,0.38
HaberDashers,018d937f-425d-713f-ad4d-9dde4a8513eb,True,,,0.0,0.0,Steam,,,
World of Subways 1 – The Path,018d937f-2bcc-71e7-a39a-093d0bdc6192,False,True,17.0,12.42,14.99,GameBillet,2.25,2.25,2.99
EARTHLOCK,018d937f-2f1e-737b-86e7-3e5d3e1e194e,False,True,70.0,8.99,29.99,GOG,2.99,4.49,8.99
No Delivery,018d937f-3888-70b2-8427-52bcf4832de3,False,False,0.0,5.0,5.0,Steam,1.55,1.55,1.55
Eresys,018d937f-6cd4-736d-9db4-0c82ca346e3e,False,True,70.0,2.69,8.99,Steam,1.34,2.33,2.51
Morningstar: Descent to Deadrock,018d937f-047f-731d-bb2e-0b37c0c03cf3,False,True,71.0,2.89,9.99,Fanatical,0.39,1.54,2.89
Fantasy of Expedition,018d937f-4693-71e4-aaf5-fff8a074a7c2,False,False,0.0,9.99,9.99,Steam,3.99,3.99,4.99
AccrO,018d937f-4407-73ae-8ff3-bdf548cb186d,False,False,0.0,0.99,0.99,Steam,0.28,0.49,0.49
Elijah and the Out of this World Adventure,018d937f-4d24-72a3-99c7-12a885c7a390,False,False,0.0,3.99,3.99,Steam,0.49,0.79,1.19
Master Of Pottery,018d937f-3a5c-704b-9dc7-9af081e9e8f5,False,False,0.0,5.99,5.99,Steam,2.39,2.39,2.39
Lucius III,018d937f-260f-7052-babd-8979a0388996,False,False,0.0,19.99,19.99,Fanatical,1.0,2.99,2.99
Jujutsu Kaisen Cursed Clash,018d937f-761d-710a-b61f-0085928ce149,False,True,79.0,12.87,59.99,GameBillet,12.87,12.87,12.87
Fate of the World,018d937f-2055-71b4-865e-e5df37faa99b,False,False,0.0,9.99,9.99,Steam,0.99,4.99,4.99
Space Empires II,018d937f-4813-701c-88aa-96877b09bf0b,False,True,50.0,1.49,2.99,Steam,0.19,0.39,0.39
Citizen Sleeper 2: Starward Vector,018d937f-6ef4-71d9-84a6-4a1ceca3a151,False,True,50.0,12.49,24.99,Humble Store,12.49,12.49,12.49
Shattered Lights,018d937f-1b19-73a8-9803-65e2d96bbd4f,True,,,0.0,0.0,Steam,,,
Cannon Lab 13,018d937f-4ad1-71d1-8b72-7fbcccf789e7,False,False,0.0,0.99,0.99,Steam,0.69,0.99,0.99
Platypus,018d937e-f064-71c8-8ead-6424542f0933,False,False,0.0,3.99,3.99,Fanatical,0.52,2.49,2.49
GALAXIUM,018d937f-388e-7284-a6b9-7ddcc772840d,False,False,0.0,5.99,5.99,Steam,0.99,5.99,5.99
Neon Nexus,018d937f-7168-710f-8950-a94d8656b460,False,False,0.0,1.99,1.99,Steam,1.59,1.99,1.99
The Town of Light,018d937f-3275-7222-9d51-0da4ab078286,False,True,75.0,4.75,18.99,GOG,0.94,2.84,3.13
1982,018d937f-0400-73d0-ae3f-c3abab1a513f,True,,,0.0,0.0,Steam,,,
Magical Battle Cry,018d937f-4b44-730c-a112-7dd942479692,False,False,0.0,19.99,19.99,Steam,2.99,14.99,14.99
Silent Gentlemen,018d937f-0be2-7026-8fc2-936883d6cc4e,False,False,0.0,4.99,4.99,Steam,0.49,0.49,0.49
Emergency 2016,018d937f-08a6-7233-9599-69a9e9fbaa72,,,,,,,,,
Zeal,018d937f-2235-701f-a2f4-facd06c5120b,,,,,,,,,
Chicken Invaders 5,018d937f-1b5a-731f-851e-2e499876e2fa,False,True,58.0,2.09,4.99,Fanatical,1.54,1.84,2.04
The guard of dungeon,018d937f-1936-723c-9d2b-86ee96d1ed32,False,False,0.0,1.99,1.99,Steam,0.5,0.55,0.55
Heroes of Dire,018d937f-13be-7326-873d-81a7987271e5,True,,,0.0,0.0,Steam,,,
Nuckelavee,019269a4-4481-72ad-b4c9-66a66525c30c,False,False,0.0,4.99,4.99,Steam,1.24,1.24,3.99
Freedom Cry,018d937f-27a3-7382-ae61-ee24b6afe33f,False,True,92.0,0.79,9.99,Steam,0.3,0.58,0.79
Lone Fungus,018d937f-5234-701b-b88c-4c472df03494,False,False,0.0,19.99,19.99,Humble Store,5.99,5.99,5.99
Succubus Rem,018d937f-331f-72f4-952d-f5ce0c7fbb7e,,,,,,,,,
Spartans Vs Zombies Defense,018d937f-1066-714b-a074-2dfc5265f2bd,True,,,0.0,0.0,Steam,,,
Democracy 3,018d937f-119f-729b-8a49-68a16f8d0f65,False,False,0.0,24.99,24.99,Steam,4.99,6.24,6.24
Final Fantasy IV (3D Remake),018d937f-5c2a-728c-83d5-2851ba4e9fde,False,True,10.0,15.07,16.81,GamesPlanet FR,6.39,6.39,6.39
Layers of Fear 2 (2019),018d937f-662a-70b5-b8b7-acfb748ff9f8,False,True,92.0,1.65,19.99,GameBillet,1.47,1.47,1.47
Rail Route,018d937f-5203-718b-a971-09be25754f46,False,True,50.0,12.45,24.99,GameBillet,9.99,11.39,11.45
Tomb Raider I-III Remastered Starring Lara Croft,018d937f-74e3-73d9-b346-160764e81c63,,,,,,,,,
"Knowledge, or know Lady",018e12b9-62ab-73f2-8516-51e46122620a,,,,,,,,,
Dinosaur Hunt,018d937f-2ce8-73a7-b4c0-c110ff5ac120,False,True,51.0,0.49,0.99,Steam,0.09,0.49,0.49
Samurai Chess,018d937f-4eb3-7071-be68-03951bf20cfd,False,False,0.0,1.99,1.99,Steam,0.79,0.79,0.79
Red Rage,018d937f-49bd-70d9-bbed-b9c0bf7b6051,False,False,0.0,0.99,0.99,Steam,0.99,0.99,0.99
Fishards,018d937f-507d-72ee-9b0d-3b3a38678779,True,,,0.0,0.0,Steam,5.59,,
Sunless Skies: Sovereign Edition,018d937f-5d8e-73b2-8208-796e9616832d,False,False,0.0,24.99,24.99,Humble Store,8.49,8.49,9.99
Space Pilgrim Episode II: Epsilon Indi,018d937e-f079-7274-b3d8-e2005fffa808,False,True,79.0,0.41,1.99,Fanatical,0.09,0.2,0.38
City of Chains,018d937f-313a-70a3-bd58-7a7aaf6db065,False,False,0.0,8.99,8.99,Steam,0.89,0.89,0.89
Space Hulk: Deathwing Enhanced Edition,018d937f-0a68-709b-bcc7-4d842e4fe130,False,True,90.0,2.99,29.99,GOG,2.99,2.99,2.99
Dragon Saga,018d937f-1f42-7317-963a-a1b28ce4780c,True,,,0.0,0.0,Steam,,,
The Lost Valley,018d937e-e9fb-735c-8bce-153e94fd0530,False,False,0.0,4.99,4.99,Steam,0.99,0.99,0.99
Vertigo 2,018d937f-0deb-70ff-860d-bdf04b96e801,False,False,0.0,29.99,29.99,Humble Store,14.99,14.99,20.99
鋼鉄戦記C21,018d937f-47e3-7137-96aa-1d93b1c7379a,True,,,0.0,0.0,Steam,,,
Krater,018d937f-0637-7305-b541-d6046568cded,False,True,92.0,1.19,14.99,Fanatical,0.69,1.19,1.19
Tactical Breach Wizards,018d937f-32d0-70de-81bd-48b70d97a210,False,False,0.0,19.99,19.99,Steam,11.99,11.99,11.99
Space Tyrant,018d937f-0a48-712b-a6f4-6d48eda90ab6,False,False,0.0,19.99,19.99,Steam,3.99,3.99,3.99
Aliya: Timelink,019310f5-3ee7-710c-b649-5b086c531e38,False,False,0.0,2.99,2.99,Steam,2.48,2.48,2.48
Dungeons & Dragons: Dark Alliance,018d937f-4cfe-70d6-9cf6-07d0b2327027,,,,,,,,,
Silent Hill Homecoming,018d937f-3109-7084-8440-e698d52f2dff,False,True,20.0,31.88,39.99,Fanatical,1.51,3.55,3.55
Marie's Room,018d937f-2d14-72be-959a-b33122d6d27c,True,,,0.0,0.0,Steam,,,
Tales from Candlekeep: Tomb of Annihilation,018d937f-0bbf-711b-9654-94c3f2ce687e,,,,,,,,,
Duke Nukem 3D: 20th Anniversary World Tour,018d937f-0466-7100-aa8a-fa0febd6d19a,False,True,90.0,1.99,19.99,Humble Store,1.18,1.72,1.74
Battle Islands,018d937f-212e-7363-b789-abd8e3a6ee80,True,,,0.0,0.0,Steam,,,
Sector's Edge,018d937f-0189-715c-a2a1-03c3b138397d,,,,,,,,,
.hack//G.U. Last Recode,018d937f-20e8-712f-b481-80cf83bd7044,False,True,91.0,4.36,49.99,GameBillet,3.78,4.22,4.36
Barn Finders,018d937f-363a-70de-9b92-f15f806a2404,False,True,85.0,2.99,19.99,IndieGala Store,2.99,2.99,2.99
Shelter 2,018d937f-1339-70a2-83f3-bddda906ba33,False,True,80.0,4.99,24.99,Steam,1.39,3.74,4.99
下一站江湖Ⅱ,018d975e-2faf-73f7-a4e6-0ab60437b2f9,False,False,0.0,24.99,24.99,Steam,16.99,16.99,16.99
Cyber Hunter,018d937f-43a1-7157-adf2-e535e22a24fb,,,,,,,,,
"I Love You, Colonel Sanders! A Finger Lickin’ Good Dating Simulator",018d937f-3843-717c-aaa6-fd6a9f6ef1d7,True,,,0.0,0.0,Steam,,,
Dead Effect,018d937f-27c7-7315-935d-b39ee2436c4e,False,True,76.0,1.19,4.99,MacGameStore,0.49,0.99,0.99
Adorables,018d937f-066c-7171-b9c0-62d0811f5288,False,False,0.0,29.99,29.99,Fanatical,0.38,0.49,2.99
Duck Season,018d937f-0433-71f4-a2fa-1ff239dcf384,False,True,40.0,11.99,19.99,Humble Store,11.99,11.99,11.99
Zero Hour,018d937f-4413-7339-b6ed-ffbc2776bf69,False,True,13.0,16.49,18.99,GameBillet,0.76,0.76,0.76
Bloodstained: Curse of the Moon,018d937f-0e26-7046-9eac-44b98ef007cf,False,False,0.0,9.99,9.99,Humble Store,4.99,4.99,4.99
SAO Utils: Beta,018d937f-24be-72cf-ac35-ac599e6fa445,False,False,0.0,3.99,3.99,Steam,3.59,3.59,3.59
SWORD ART ONLINE Alicization Lycoris,018d937f-4008-731e-8860-4f552b359a5c,False,True,57.0,8.68,19.99,GamesPlanet US,6.32,6.77,7.99
Uplink,018d937f-0606-7359-bdff-9af5a53396f3,False,True,80.0,1.99,9.99,IndieGala Store,0.99,1.99,1.99
KnightShift,018d937f-23f5-70a9-a37c-96e6f53ba848,False,True,84.0,0.78,4.99,IndieGala Store,0.48,0.7,0.7
Unfortunate Spacemen,018d937f-26cc-7382-89a4-755d848934f2,True,,,0.0,0.0,Steam,7.49,,
FaceRig,018d937f-13dd-7189-96cb-554d2d94d0db,,,,,,,,,
Omerta - City of Gangsters,018d937e-f822-736e-8822-4e451c91c041,False,True,82.0,2.77,14.99,Fanatical,1.0,2.65,2.65
Barony,018d937f-3653-7229-8bd9-53e6d4c9cf1b,False,True,50.0,9.99,19.99,Epic Game Store,0.99,9.99,9.99
Autobahn Police Simulator 2,018d937f-32b9-70e0-8e51-e1266584ed9f,False,True,20.0,15.91,19.99,GameBillet,6.59,6.59,6.59
DEATH TRAIN - Warning: Unsafe VR Experience,018d937f-00d9-711f-b220-78be22ae2c37,False,False,0.0,19.99,19.99,Steam,3.99,19.99,19.99
The Jackbox Party Pack 2,018d937f-211a-72b3-9e4b-34145e6ed2d2,False,True,45.0,13.74,24.99,Humble Store,4.99,8.74,8.74
Streamer Life Simulator 2,018e61e7-3d06-70fc-82ee-81068e30bf35,False,True,40.0,11.99,19.99,Steam,5.99,5.99,5.99
Antenna,018d937e-f00b-7287-a64b-f3c1a5a00587,True,,,0.0,0.0,Steam,,,
Mortal Online 2,018d937f-3cb6-70a5-934e-7d45cce5ca83,False,False,0.0,39.99,39.99,Steam,12.79,12.79,15.99
Toy Soldiers: Complete,018d937f-2b4f-70cd-bfdf-0dfaef0276e0,False,False,0.0,14.99,14.99,GreenManGaming,3.4,5.09,10.04
Norland,018d937f-6ee4-73f5-858c-2fde32b1d444,False,True,50.0,14.99,29.99,Humble Store,12.9,12.9,12.9
Clicker Heroes 2,018d937f-2dab-73bd-a27b-9eb9461464c5,,,,,,,,,
家有大貓 Nekojishi,018d937e-ff89-7023-a645-e1fadd1e7b33,True,,,0.0,0.0,Steam,,,
Fernbus Simulator,018d937e-f49e-72b8-a22d-c71e0b9ae8fe,False,True,16.0,25.15,29.99,GameBillet,13.49,14.99,14.99
Super Bunny Man,018d937f-1335-72e6-a437-564e1dbe59b6,False,True,50.0,7.49,14.99,Steam,7.49,7.49,7.49
Shattered Pixel Dungeon,018d937f-5e2b-7396-a18d-b0d543e5e878,False,False,0.0,9.99,9.99,Steam,5.49,5.49,5.49
Seek Girl Ⅲ,018d96d2-83c8-7316-ab8c-363f98264403,False,False,0.0,1.99,1.99,Steam,0.49,0.49,0.79
SONIC SUPERSTARS,018d937f-7464-72c3-9c1e-00e571efba01,False,True,73.0,10.99,39.99,Fanatical,10.99,10.99,10.99
A Bird Story,018d937f-24e0-7010-9815-a8c785b0cac8,False,True,23.0,3.08,3.99,Fanatical,0.74,0.79,0.99
Iron Marines,018d937f-0e08-73e1-afa3-af88c5bbcad0,False,True,11.0,13.39,14.99,Fanatical,1.49,4.49,5.24
Low Magic Age,018d937e-f01d-71ee-a89b-13a9489ec154,False,True,70.0,4.49,14.99,Fanatical,2.39,4.49,4.49
Decisive Strike,018d937f-5fc1-70ba-9cfd-b9c74b337b5d,False,False,0.0,0.99,0.99,Steam,0.99,0.99,0.99
Edna & Harvey: The Breakout,018d937f-11cc-71f6-94f2-793c027f900a,False,True,92.0,1.2,14.99,Newegg,1.05,1.2,1.2
Siege Survival: Gloria Victis Prologue,018d937f-45ff-7072-be22-17caabbc9ba5,True,,,0.0,0.0,GOG,,,
Impire,018d937e-f9e1-7033-a076-2a8419009510,False,True,16.0,16.79,19.99,GameBillet,3.23,4.55,4.55
Serious Sam: The Random Encounter,018d937f-24a4-7373-887b-3761a2682782,False,True,85.0,0.74,4.99,Humble Store,0.49,0.74,0.74
Ostriv,018d937f-1374-720c-8cbb-f15b524dd493,False,False,0.0,24.99,24.99,Steam,19.99,19.99,19.99
Drift86,018d937e-f045-7103-bfc8-4b163122d21d,False,False,0.0,1.99,1.99,Fanatical,0.37,0.88,0.88
ScourgeBringer,018d937e-f88f-7026-9b08-83b6c1647207,False,True,83.0,2.86,16.99,GamesPlanet US,1.69,1.69,1.69
Mini Metro,018d937f-089a-719f-a41e-0ff731da0053,False,True,50.0,4.99,9.99,GOG,0.99,4.99,4.99
Surviving the Aftermath,018d937f-3a2d-711c-b2ab-6cf19d90a9f2,False,True,70.0,8.99,29.99,GOG,7.45,7.49,8.06
Yooka-Laylee,018d937f-0091-71e2-a543-6777e89389b0,False,True,21.0,15.89,19.99,Fanatical,3.34,3.99,15.89
UBERMOSH:BLACK,018d937f-2bc0-7210-988a-2b68b5f547e3,False,False,0.0,0.99,0.99,Fanatical,0.27,0.49,0.49
Dark and Light,018d937f-191d-7340-b002-24698c1ca481,False,False,0.0,17.99,17.99,Steam,3.59,3.59,4.85
Dead Rising 4,018d937f-3095-71c8-8f83-52e4870a240e,False,True,85.0,5.99,39.99,Humble Store,3.79,4.73,4.94
Forspoken,018d937f-59ad-711f-837c-62e54230a4ae,False,False,0.0,69.99,69.99,GreenManGaming,20.99,20.99,20.99
Our Life: Beginnings & Always,018d937f-35a6-7233-a2ca-c7d077474287,True,,,0.0,0.0,GOG,,,
Runes of Magic,018d937f-2043-721d-9456-c7e5618a9369,True,,,0.0,0.0,Steam,,,
Just Fishing,018d937f-0a52-7160-987a-b93177f98824,,,,,,,,,
Seek Girl:Fog Ⅰ,018d937f-42c6-70a5-a29b-9d8c30ada080,False,False,0.0,3.99,3.99,Steam,1.59,1.59,1.59
Mouthwashing,018d937f-74a0-7000-8a70-dd240ccebc78,False,False,0.0,12.99,12.99,Humble Store,9.09,9.09,9.09
Car Mechanic Simulator 2015,018d937f-1755-70c2-944d-7f7e91a898de,False,True,90.0,1.99,19.99,Humble Store,1.0,1.09,1.99
Magrunner: Dark Pulse,018d937f-0819-7331-a229-e25c2ead09dc,False,True,90.0,1.99,19.99,GOG,0.8,0.83,0.84
Quadrilateral Cowboy,018d937f-2119-720e-81cd-da6fd7bb08fe,False,False,0.0,19.99,19.99,Steam,6.79,9.99,9.99
We Went Back,018d937f-3e6d-71ca-9798-6f6aa66044d9,True,,,0.0,0.0,Steam,,,
UnMetal,018d937f-40a5-7067-bef0-3a639c96e45d,False,True,80.0,3.99,19.99,Fanatical,3.4,3.4,3.99
We Happy Few,018d937f-1373-711e-826d-f670f88ae5da,False,True,24.0,45.49,59.99,WinGameStore,4.43,11.99,14.99
NEKOPARA Vol. 2,018d937f-1235-71ef-aa4f-f8ab0ea1892d,False,False,0.0,9.99,9.99,Steam,2.99,2.99,2.99
Through the Ages,018d937f-29ec-73ac-bee5-2a29ec26f8db,False,True,30.0,11.19,15.99,Humble Store,7.99,7.99,7.99
Closers,018d937f-0456-7388-9084-d1ae8e2a5c80,True,,,0.0,0.0,Steam,14.99,,
SPORE Galactic Adventures,018d937e-f83a-7067-be9f-d124f523f80d,False,False,0.0,19.99,19.99,Steam,1.99,4.79,4.99
Pid,018d937f-0fe2-70cc-889c-e4dfc20025e8,False,True,80.0,3.99,19.99,GOG,0.99,2.99,2.99
Blue Prince,018d937f-4f0d-70a3-a226-913f086b70d6,False,True,45.0,16.39,29.99,GameBillet,16.39,16.39,16.39
Wallpaper Maker （造物主视频桌面）,018d937f-19f7-7120-8fe3-971c183b5eac,True,,,0.0,0.0,Steam,,,
Overcooked! All You Can Eat,018d937f-4c81-7057-80a4-416c633262f4,False,True,75.0,10.19,39.99,GameBillet,5.99,8.75,8.75
Super Mustache,018d937f-09c8-72d9-bb00-2428b47191f2,False,False,0.0,1.99,1.99,Steam,0.49,0.99,0.99
Sudden Strike 4,018d937f-24a9-7155-983d-a5c569dd8497,False,True,82.0,3.69,19.99,Fanatical,1.0,2.99,2.99
Prince of Persia,018d937e-f8da-72fd-b64c-520e0f82391c,False,True,82.0,1.8,9.99,GreenManGaming,0.99,1.76,1.8
Super Seducer : How to Talk to Girls,018d937f-2d54-712b-bfcc-559c8da68f10,False,True,10.0,11.69,12.99,GamesPlanet US,2.91,3.22,3.22
HROT,018d937f-424c-71c6-b690-f480421a7ca4,False,False,0.0,19.99,19.99,Humble Store,6.79,6.79,6.79
They Can't Stop All Of Us,018d937f-1188-7195-8d3a-4d07e5cd0d85,True,,,0.0,0.0,Steam,,,
Ficket: 追剧引擎,018d937f-617b-71ff-baaf-1ff12caec237,,,,,,,,,
Predator: Hunting Grounds,018d937f-3c6b-70b3-9a7f-30e84461eedb,False,True,85.0,3.0,19.99,GreenManGaming,2.7,2.7,2.7
Megaloot,018d97f0-bb37-7359-9240-bd2954e6da36,False,False,0.0,9.99,9.99,Fanatical,4.99,4.99,4.99
Shelter,018d937f-2e98-73f2-acef-cc124203c965,False,True,80.0,2.99,14.99,Steam,0.92,1.49,1.49
140,018d937f-24ca-70ed-b2da-4f8de3d0f0d5,False,True,80.0,0.99,4.99,GOG,0.99,0.99,0.99
Quern - Undying Thoughts,018d937f-2a1d-71dd-8be6-6ac5c60c831b,False,True,70.0,7.49,24.99,GOG,3.74,3.74,4.99
ASKA,018d937f-6775-70d3-af5c-1f83ad2d6fc3,False,True,20.0,19.99,24.99,Fortuna Digital,10.1,10.1,10.3
PixelJunk Eden,018d937e-ff4c-722b-be25-eac9ddd7b8d9,False,True,11.0,8.89,9.99,Fanatical,0.94,1.99,1.99
Kingdom Rush Vengeance - Tower Defense,018d937f-4633-7126-9978-3bec3d7f1465,,,,,,,,,
One Piece Pirate Warriors 3,018d937f-1a9f-7026-9c0c-8dab96665863,False,True,91.0,3.55,39.99,GameBillet,2.99,3.28,3.48
Cluckmech Oasis,018f8267-2f97-7268-b3d1-cc7db8a3657a,False,True,40.0,5.99,9.99,Steam,5.99,5.99,5.99
Assassin's Creed Valhalla,018d937f-4227-700c-9dbe-1190755ac02c,False,True,77.0,13.5,59.99,GreenManGaming,5.4,5.4,13.5
Starship Corporation,018d937e-ff82-719a-8dbe-4c7b3d7fda14,False,True,16.0,16.88,19.99,Fanatical,2.96,2.99,3.59
Inner Chains,018d937f-1b84-718a-b266-633d11307e72,False,True,85.0,2.99,19.99,Nuuvem,0.85,0.85,0.95
LoveBeat,018d9581-0020-728c-88a3-589791bbda0c,True,,,0.0,0.0,Steam,,,
Age of Conquest IV,018d937f-20f4-7014-9808-392586630c3a,True,,,0.0,0.0,Epic Game Store,,,
Thrive: Heavy Lies The Crown,018d937f-69b1-7050-8de3-0e8587e7dad9,False,True,59.0,11.54,27.99,GameBillet,8.79,8.79,11.09
F.I.S.T.: Forged In Shadow Torch,0192b97c-281f-731a-8706-6fe718a5f8c9,False,False,0.0,15.99,15.99,Steam,4.79,4.79,7.19
HudSight - crosshair overlay,0191a2c8-3824-72ef-86c5-2503ef319299,,,,,,,,,
rFactor 2,018d937f-0c9a-73cc-8594-0121e990f137,False,True,18.0,26.27,31.99,eTail.Market,3.71,3.71,3.78
shapez,018d937f-6344-70e5-a3cb-f619962198e0,False,True,92.0,0.81,9.99,GameBillet,0.75,0.75,0.75
Florence,018d937f-3e2b-7281-a1d3-78b477dd1ca0,False,True,82.0,1.09,5.99,IndieGala Store,1.05,1.05,1.05
Sprocket,018d937f-0e27-723b-9326-3e4baf3f27ef,False,False,0.0,19.99,19.99,Steam,19.99,19.99,19.99
Pool 2D - Poolians,018d937f-1744-719f-9740-69cce0ee2499,True,,,0.0,0.0,Steam,,,
Idle Slayer,018d937f-43ed-7121-8c18-de7396406f0b,True,,,0.0,0.0,Steam,3.99,,
Bang-On Balls: Chronicles,018d937f-4c8b-7188-bb85-cd4dd56b1f37,False,True,75.0,6.15,24.99,GreenManGaming,6.15,6.15,6.15
Shatter,018d937e-e9e3-70ef-80d8-679dbf7a4bad,False,False,0.0,1.99,1.99,Steam,0.49,0.79,0.79
TerraTech,018d937f-2d2f-7172-9f8a-93ddf009651b,False,True,75.0,6.24,24.99,Humble Store,4.99,6.24,6.24
FINAL FANTASY VIII - REMASTERED,018d937f-27eb-720b-97d4-8481ce76842f,False,False,0.0,19.99,19.99,Newegg,7.99,7.99,7.99
Everlasting Summer,018d937f-26b9-7258-8df0-1a2989b89827,True,,,0.0,0.0,Steam,,,
Killsquad,018d937f-35e2-7308-b9ed-3a61c4cb6188,False,True,21.0,15.74,19.99,Fanatical,8.99,15.74,15.74
RollerCoaster Tycoon 2: Triple Thrill Pack,018d937e-feb7-701b-b677-ed92bab7ec9a,False,True,75.0,2.49,9.99,Humble Store,0.99,1.93,2.08
Hitman: Contracts,018d937f-1639-7350-9261-6588f545219c,False,True,90.0,0.89,8.99,GOG,0.66,0.69,0.69
Picross Touch,018d937f-0488-70e0-932f-925561f074c7,True,,,0.0,0.0,Steam,,,
Still Wakes the Deep,018d937f-6ef6-73c9-aeec-1b15c0683681,False,True,79.0,7.52,34.99,GameBillet,5.22,5.22,5.22
Streamer Life Simulator,018d937f-3eb0-711b-bbc3-ed5aaf0cc644,False,True,90.0,1.99,19.99,Steam,1.99,1.99,1.99
Full Throttle Remastered,018d937f-00f0-734f-b5d3-6148a9ba5c5c,False,True,80.0,2.99,14.99,Humble Store,1.49,2.24,2.99
LIGHTNING RETURNS: FINAL FANTASY XIII,018d937f-03f0-7096-8860-582bb708c15a,False,False,0.0,19.99,19.99,GreenManGaming,5.99,5.99,7.99
Steambirds Alliance,018d937f-0df4-72ab-a854-3e295ca83518,,,,,,,,,
Book of Demons,018d937f-1a9f-7026-9c0c-8dab9a1dbd4f,False,True,75.0,6.25,24.99,GOG,2.49,3.74,6.24
Little Big Workshop,018d937f-3863-7361-a82d-3818a896fc15,False,True,83.0,3.35,19.99,GameBillet,2.99,3.35,3.35
SENRAN KAGURA Peach Beach Splash,018d937f-176d-72bc-a57a-19c260c8fc57,False,False,0.0,29.99,29.99,Steam,8.99,8.99,8.99
Death and Taxes,018d937f-3a66-7295-a40a-cd7bdb3b51c2,False,True,87.0,1.69,12.99,GOG,1.68,1.68,1.68
Morphopolis,018d937f-2f06-7273-a44d-becd3a877633,False,False,0.0,3.99,3.99,GOG,0.19,0.79,0.79
BADLAND: Game of the Year Edition,018d937e-fd2d-7387-bae1-a11c05a69172,False,False,0.0,9.99,9.99,Steam,0.99,0.99,0.99
Far Away,018d96ed-344e-71bf-96cf-563b154ab95a,False,False,0.0,12.99,12.99,Steam,5.84,5.84,5.84
Maniac Path,018d937f-4818-71e9-8370-c6b586defce8,False,False,0.0,2.99,2.99,Steam,0.38,0.59,0.59
Xuan-Yuan Sword VII,018d937f-3fc0-70f8-a6b9-d139ab3f0d91,False,False,0.0,34.99,34.99,Epic Game Store,10.49,12.24,34.99
Empire of Sin,018d937e-f05f-73fd-b695-5203dc4578b0,False,True,17.0,33.17,39.99,GameBillet,4.99,8.69,8.76
idleBeer,018d937f-296e-739e-8b86-f0e8f23c9a1a,False,False,0.0,0.99,0.99,Fanatical,0.49,0.99,0.99
Warhammer: Chaos And Conquest,018d937f-3a6b-72a5-97c4-ecda02e39613,True,,,0.0,0.0,Epic Game Store,,,
Infinity Wars: Animated Trading Card Game,018d937f-1794-7028-95a7-2bd05f2a1722,True,,,0.0,0.0,Steam,,,
World War Next,018d9802-4e5a-7266-a62b-b2cdf73eea28,True,,,0.0,0.0,Steam,,,
Legend of Dungeon,018d937f-2d64-717e-9780-0959b3be35a7,False,False,0.0,9.99,9.99,Steam,1.49,9.99,9.99
Fairy Fencer F,018d937f-22c2-728b-828d-00006f1f2a78,False,True,40.0,5.99,9.99,Humble Store,0.99,3.5,4.82
Lethal League Blaze,018d937e-f49a-7117-93e6-bc4f568a9fb9,False,True,50.0,9.99,19.99,Humble Store,9.99,9.99,9.99
Psychonauts 2,018d937f-0607-71c3-8055-586959d04310,False,True,80.0,11.99,59.99,Humble Store,5.99,8.99,11.99
DOOM Eternal: The Ancient Gods - Part Two,018d937f-4d08-72b2-a613-79f3ee0d1f3b,False,True,64.0,7.19,19.99,Fanatical,3.99,5.89,6.59
Age of Steel: Recharge,018d937f-1ef4-7255-b03a-e9169f01d4ae,False,True,15.0,5.7,6.71,GamesPlanet UK,0.73,2.79,2.79
Battle Ram,018d937f-3ebb-73ab-89a3-519da8296625,False,True,95.0,1.49,29.99,Steam,0.39,1.49,1.49
Summer in Mara,018d937e-effb-708d-ad12-6a78dc7df568,False,True,90.0,1.99,19.99,Fanatical,1.99,1.99,1.99
Resurgence,018d937f-08ba-7271-adba-116e2632adb6,False,False,0.0,1.99,1.99,Steam,0.69,1.99,1.99
Hidden Folks,018d937f-331c-7346-bba3-7222611bb6df,False,True,50.0,7.49,14.99,Epic Game Store,2.47,5.99,5.99
Shotgun n  Zombies,018d937f-3e17-73d9-b7f2-fae1bfd5170f,False,True,55.0,0.89,1.99,Steam,0.49,0.89,0.89
LISA: The Painful,018d937f-3a88-733c-9dca-155ae6a5b9f0,False,True,45.0,10.99,19.99,Epic Game Store,2.49,9.99,10.99
Infinitum,018d937f-29ed-7191-a058-ee91923f163e,False,False,0.0,4.99,4.99,Steam,0.49,0.69,0.69
Tell Me Why,018d937f-43cf-721a-a4c3-74642d9c11df,False,False,0.0,19.99,19.99,GreenManGaming,3.99,3.99,3.99
Midas Gold Plus,018d937e-fefd-7314-a46c-917445ecc908,True,,,0.0,0.0,Steam,,,
Gods Will Be Watching,018d937e-f985-730f-a2a2-ffbd97e80763,False,True,85.0,1.49,9.99,MacGameStore,0.99,1.19,1.49
Torment: Tides of Numenera,018d937e-f9c5-7308-a7b8-96f24ab5b2d4,False,True,71.0,9.99,34.99,WinGameStore,6.29,6.29,6.29
The Crown of Leaves,018d937f-0e84-7128-9fba-245014d1dbcb,False,False,0.0,4.99,4.99,Fanatical,1.0,2.99,4.99
VAIL VR,018d962b-c8b7-73c7-9003-9e5f7e5defad,,,,,,,,,
The LEGO Movie - Videogame,018d937f-15d2-723c-bc23-2a1a1de4c6f6,False,True,83.0,3.3,19.99,GameBillet,1.66,3.08,3.15
The Jackbox Party Pack 4,018d937f-1938-73c6-bf62-3b9bcc81965c,False,True,45.0,13.74,24.99,Humble Store,4.99,11.24,11.24
Killing Floor: Incursion,018d937f-1051-7137-9655-b7d6cb79a79a,False,True,85.0,2.99,19.99,Humble Store,2.99,2.99,2.99
Conan Chop Chop,018d937f-15f4-70e8-b3b5-4b06e848347e,False,True,68.0,4.79,14.99,Fanatical,2.99,3.37,3.9
Dark Deity,018d937f-4b47-7084-a978-761cc235998a,False,True,88.0,3.0,24.99,Fortuna Digital,3.0,3.0,3.0
Penny Arcade's On the Rain-Slick Precipice of Darkness 3,018d937e-f9c5-7308-a7b8-96f24c64515b,True,,,0.0,0.0,Steam,0.39,,
Magic 2014 — Duels of the Planeswalkers,018d937f-3434-716a-8da9-357029a6e552,,,,,,,,,
Dreamfall: The Longest Journey,018d937e-f52f-70dd-93e9-5b100ea1c13d,False,True,68.0,6.39,19.99,Fanatical,2.99,4.49,4.69
The Culling Of The Cows,018d937f-133a-701d-b51e-672761938459,False,False,0.0,4.99,4.99,Steam,0.49,0.74,0.74
Door Kickers 2: Task Force North,018d937f-3e2a-7327-890d-7fcf62b1917b,False,True,30.0,17.5,25.0,Humble Store,13.47,13.47,13.47
Runestone Keeper,018d937f-2a06-73de-bd0e-016537be2366,False,True,80.0,1.99,9.99,GOG,1.99,1.99,1.99
Drunken Robot Pornography,018d937e-fd56-72ae-9e35-4b43e2ee7e27,False,False,0.0,14.99,14.99,Humble Store,2.24,3.74,14.99
Order of Battle: World War II,018d937f-0dd7-70e3-a04a-d52f56b0cfdd,False,False,0.0,0.0,0.0,Steam,4.79,5.99,5.99
American Fugitive,018d937f-040c-71b3-b2a1-033a1b35010c,False,True,83.0,3.39,19.99,Fanatical,1.0,2.97,3.17
Master of Orion,018d937f-0081-70b3-9ba5-f62bd431d19a,False,False,0.0,24.99,24.99,Steam,3.74,24.99,24.99
Five Nights at Freddy's 3,018d937f-2ecf-7080-bf93-0753531088ef,False,False,0.0,7.99,7.99,Steam,1.99,7.99,7.99
Falcon,018d937f-208b-7165-931b-d930f7d7ad10,False,False,0.0,6.99,6.99,Steam,0.78,4.49,4.49
DYNAMIC,018d937f-0812-70a1-832e-dbc0c47ee342,False,True,90.0,0.49,4.99,Steam,0.49,0.49,0.49
Headliner: NoviNews,018d937f-00f9-703f-bc2f-32a402fb9982,False,False,0.0,13.99,13.99,Steam,5.59,6.99,8.39
Pinstripe,018d937f-1009-7168-820c-dd1d8bd38ec3,False,True,90.0,1.49,14.99,Humble Store,1.0,1.19,1.49
Hue,018d937f-0e07-713d-9b82-f0cbdcf0dce8,False,True,83.0,2.54,14.99,Fanatical,0.55,2.11,2.25
Uriel's Chasm 2: את,018d937f-1b13-72d5-9dd3-0c423b48d53d,False,False,0.0,4.99,4.99,WinGameStore,0.49,3.99,4.99
Tropico Reloaded,018d937f-199d-70ff-9603-5446bf790725,False,True,77.0,1.6,6.99,Fanatical,0.98,1.45,1.45
Subzero Stealth,0191dbf7-a801-7353-9c41-b88b3a94480d,False,False,0.0,7.99,7.99,Steam,7.99,7.99,7.99
Call of Duty: WWII,018d937f-0e1e-70f5-85f9-797eb8bb0d39,False,True,67.0,19.79,59.99,Microsoft Store,10.95,19.79,19.79
Iratus: Lord of the Dead,018d937f-326d-7328-a210-6fc7e6458e76,False,True,92.0,2.36,29.99,GameBillet,1.87,1.89,1.99
Megaton Rainfall,018d937f-2d8f-7393-a281-1f1b1c5dc767,False,False,0.0,15.99,15.99,GreenManGaming,5.59,5.91,5.91
A Perfect Day,018d937f-5d91-70ca-ac34-dea05db37535,False,False,0.0,19.99,19.99,Steam,8.99,8.99,8.99
Ticket to Ride: Classic Edition,018d937f-7603-70ad-b24a-9ab582d19e65,,,,,,,,,
UnEpic,018d937f-2eb8-73e1-8129-d99b2e48b63f,False,False,0.0,9.99,9.99,GOG,1.49,1.99,1.99
Westerado: Double Barreled,018d937f-27d1-7286-8a94-8fa2931b8826,False,False,0.0,14.99,14.99,Steam,2.99,14.99,14.99
Back to the Future: The Game,018d937e-ff69-7216-bbf6-b00059399140,,,,,,,,,
Eastward,018d937f-20f2-7248-ae6f-f2e868cfec6a,False,False,0.0,24.99,24.99,Epic Game Store,12.49,12.49,12.49
Maurice: In The Predator's Nest,018d937f-6789-709a-8e28-ff55b2bfdb16,True,,,0.0,0.0,Steam,,,
挂机神话,018d937f-5cd3-72d3-8b7a-ad7e9a019af7,False,False,0.0,1.99,1.99,Steam,1.33,1.33,1.33
Wurm Online,018d937f-3fb8-72d5-93f2-18cde19a206b,True,,,0.0,0.0,Steam,,,
As Dusk Falls,018d937f-6136-71e4-a7d4-088a2bfa5ba4,False,False,0.0,29.99,29.99,GreenManGaming,7.49,7.49,7.49
DarkEnd,018d937f-2871-7020-b2a0-d7ce2ada4b74,False,False,0.0,1.99,1.99,Fanatical,0.66,1.99,1.99
Cubic Castles,018d937f-261c-7359-8cb1-16c7db970061,True,,,0.0,0.0,Steam,,,
Gloria Victis: Medieval MMORPG,018d957e-6e04-71a2-84d8-d1227ae9ad28,,,,,,,,,
Polarity,018d937f-1d13-7347-9ba1-3f006ba19e89,False,False,0.0,12.99,12.99,Steam,0.19,12.99,12.99
BRINK,018d937f-3453-7011-adce-fe87532e729c,True,,,0.0,0.0,Steam,1.99,,
Midnight Ghost Hunt,018d937f-32a4-71ef-a284-c25c5f644ad9,False,True,75.0,4.99,19.99,Humble Store,4.99,4.99,4.99
Airport CEO,018d937f-2d1f-72e5-811b-8af32a710a5d,False,True,75.0,6.25,24.99,GOG,6.24,6.24,6.24
ENDLESS Dungeon - Definitive Edition,01977ee1-4a68-7329-a9c5-83f80bd1341b,False,True,70.0,4.49,14.99,Humble Store,4.49,4.49,4.49
DISTRAINT 2,018d937e-f09c-7398-9696-6afd31983457,False,True,91.0,0.8,8.99,Steam,0.53,0.79,0.79
Star Swarm Stress Test,018d937f-2d62-71fe-abb5-d60bc8c3465e,True,,,0.0,0.0,Steam,,,
HELLION,018d937f-197e-7086-8bee-d276455566dc,,,,,,,,,
Blocky Dungeon,018d937f-35b1-72f6-a908-7777d8446662,False,False,0.0,9.99,9.99,Steam,4.89,4.89,4.89
Kentucky Route Zero: PC Edition,018d937f-3dd5-7170-9337-0e8026f20e72,False,False,0.0,24.99,24.99,Humble Store,7.49,9.99,9.99
Bloodstained: Curse of the Moon 2,018d937f-43d6-7082-9907-0d760aa6bd1b,False,False,0.0,14.99,14.99,Steam,5.24,5.24,5.24
The Dark Side Of Mars,018d937f-6984-728d-993c-0cca4420ccc4,False,False,0.0,0.99,0.99,Steam,0.99,0.99,0.99
Trepang2,018d937f-39a4-73cf-aae1-5556a2854277,False,True,71.0,8.67,29.99,GreenManGaming,8.36,8.36,8.61
RollerCoaster Tycoon Classic,018d937f-3575-71fd-b2fd-24a49c9604cc,False,True,75.0,4.99,19.99,Humble Store,3.74,3.88,4.14
洪荒西行录,0191ef8e-89a1-7158-847f-9f15afceacfb,True,,,0.0,0.0,Steam,,,
Infested Planet,018d937f-286e-7171-ab43-50732a381070,False,True,87.0,1.95,14.99,GOG,1.94,1.94,1.94
Birth,018d937f-6194-7111-a189-c706f512b67a,False,True,65.0,3.84,10.99,Steam,3.84,3.84,3.84
Clown House (Palyaço Evi),018d937f-33f7-71ee-9a33-3ff0957be2b5,True,,,0.0,0.0,Steam,,,
STAR FLEET II - Krellan Commander Version 2.0,018d937f-499e-70b5-9db3-f00250eb49a7,False,False,0.0,9.99,9.99,GOG,7.99,7.99,9.99
Sonic CD,018d937e-eff5-7328-adc5-987aeffe9d9c,,,,,,,,,
Zoop! - Hunter's Grimm,018d937f-2d54-712b-bfcc-559c89c3b454,False,True,72.0,0.55,1.99,Steam,0.55,0.55,0.55
Scrap Garden - The Day Before,018d937f-225f-7140-831e-271eec71630e,True,,,0.0,0.0,Steam,,,
Space Hack,018d937e-ffb5-72ab-9c42-fabdcbe5f0ea,False,True,80.0,0.99,4.99,Humble Store,0.18,0.99,0.99
8-Bit Armies,018d937f-1f4c-7226-8de8-4d73d8c7afe1,False,True,16.0,12.63,14.99,Fanatical,1.89,1.89,7.49
Magic 2015 - Duels of the Planeswalkers,018d937f-1b30-7112-91f4-99de9725f402,,,,,,,,,
Frostpunk 2,018d937f-53ee-71c1-9635-7035894410d7,False,True,61.0,17.74,44.99,GameBillet,17.03,17.03,17.03
Reigns,018d937f-2424-73b7-80fa-04f374b36c88,False,True,67.0,0.98,2.99,Humble Store,0.83,0.83,0.88
Robot Roller-Derby Disco Dodgeball,018d937e-f7e6-7033-970b-efa252cc2218,False,False,0.0,9.99,9.99,Fanatical,0.99,9.99,9.99
Supraland Six Inches Under,018d937f-5c5c-73a0-bb7c-7f49410ba93c,False,False,0.0,19.99,19.99,Humble Store,6.19,6.19,6.99
Session: Skate Sim,018d937f-5cfc-7172-bcac-015390601d2b,False,True,85.0,5.99,39.99,IndieGala Store,2.19,5.6,5.6
The Elder Scrolls IV: Oblivion Game of the Year Edition (2009),01965e11-4451-728c-9e90-89e3d49f5868,,,,,,,,,
Shadow of the Tomb Raider: Definitive Edition,018d937f-3a11-70d1-81cd-cac58ba1e391,False,True,86.0,5.4,39.99,GreenManGaming,3.64,3.64,4.99
Gang Beasts,018d937e-f010-709c-9351-79ca5819640c,False,True,60.0,7.99,19.99,Humble Store,6.99,7.99,7.99
Line of Sight,018d937f-3273-7018-b741-2f00269f524b,True,,,0.0,0.0,Steam,2.49,,
Mitos.is: The Game,018d937f-0fef-7019-9ab8-bfa37bfe8770,True,,,0.0,0.0,Steam,,,
"Papers, Please",018d937f-1b83-720e-b01b-745a61d426d8,False,False,0.0,9.99,9.99,Humble Store,1.99,3.39,9.99
Spiral Knights,018d937e-fd0d-70bb-885a-232e5b76a3cb,True,,,0.0,0.0,Steam,19.99,,
Monster Hunter Stories 2: Wings of Ruin,018d937f-4f20-72b7-881b-1069180352b1,False,True,69.0,12.55,39.99,GameBillet,10.38,10.38,12.35
Dungeon Defenders II,018d937f-0412-73ee-9248-7339fe49ee00,True,,,0.0,0.0,Steam,11.99,,
The Expendabros,018d937f-0f85-735e-a1c6-4918ab9cb737,True,,,0.0,0.0,Steam,3.74,,
DOOM Eternal,018d937f-08a6-7233-9599-69a9ea886bd9,False,True,78.0,8.99,39.99,Fanatical,3.99,3.99,3.99
Need for Speed Heat,018d937f-333d-73a0-b5c7-b40075c95b25,False,False,0.0,59.99,59.99,EA Store,2.99,2.99,2.99
Pummel Party,018d937f-1ac3-7331-ae4d-56b4976e5b9b,False,False,0.0,14.99,14.99,Steam,7.49,7.49,8.99
Grand Theft Auto: San Andreas,018d937e-f829-73ff-aa7f-95421948da6b,,,,,,,,,
Green Hell,018d937f-1608-721b-8ee7-f4903258fb76,False,True,86.0,3.58,24.99,GameBillet,2.49,2.49,2.49
Starfield,018d937f-6181-735a-af8a-95670cc81e27,False,True,17.0,41.49,49.99,Fanatical,35.69,35.69,36.11
Defiance,018d937f-132a-7329-8401-5c2424822fc5,,,,,,,,,
Planet Coaster,018d937e-fa3c-7148-89e9-0bc7015abc73,False,True,80.0,8.95,44.99,GameBillet,1.91,2.23,2.24
Secret in Story,018d937f-1986-7131-8b55-2e7f4a13c395,False,False,0.0,0.99,0.99,Steam,0.49,0.89,0.89
Battlefield 1,018d937e-f55e-736d-91db-2c3d2edef26a,False,False,0.0,19.99,19.99,EA Store,0.99,0.99,0.99
Call of Duty: Modern Warfare 3 (2011),018d937f-7813-727f-929e-9ca820d9e335,False,False,0.0,39.99,39.99,Microsoft Store,13.59,19.99,19.99
Beat Saber,018d937f-379f-724a-8765-26a7d382d7dc,False,False,0.0,29.99,29.99,Steam,19.99,29.99,29.99
Space Engineers,018d937f-013a-71f8-be61-b93626d4c5ac,False,True,50.0,9.99,19.99,Humble Store,4.99,4.99,9.99
METAL GEAR SOLID V: THE PHANTOM PAIN,018d937e-fa14-7020-9111-93ad90d49695,False,True,21.0,15.89,19.99,Fanatical,2.59,7.99,15.89
Operation: Harsh Doorstop,018d937f-404d-7064-a4ab-d0e4ebea4425,,,,,,,,,
Crosshair X,018d937f-498d-70e3-af5a-96129bb4ceac,False,False,0.0,9.99,9.99,Epic Game Store,1.99,2.49,3.49
No More Room in Hell,018d937f-1c8f-708e-8bd2-1fdf4f727916,True,,,0.0,0.0,Steam,,,
Middle-earth: Shadow of Mordor,018d937f-0a89-7069-a869-1ade408b2d54,,,,,,,,,
Dyson Sphere Program,018d937f-47b2-7324-b65c-302455a73d60,False,False,0.0,19.99,19.99,Steam,15.99,15.99,15.99
Tom Clancy's Ghost Recon Wildlands,018d937e-f06b-7284-bf6c-c4e440623880,False,True,82.0,9.0,49.99,GreenManGaming,4.5,4.5,9.0
No Rest for the Wicked,018d937f-03e7-720b-a743-e680c159f0c0,False,False,0.0,39.99,39.99,Steam,23.99,23.99,27.99
Dead Cells,018d937f-2b4b-72f9-ab75-bc33784a295d,False,True,58.0,10.58,24.99,GameBillet,9.13,9.95,9.95
Hearts of Iron IV,018d937f-0e35-7371-8dd8-dee17492921c,False,True,74.0,13.16,49.99,GameBillet,3.99,10.74,13.16
Doki Doki Literature Club!,018d937f-0990-729f-99f8-08da754a7173,True,,,0.0,0.0,Steam,,,
GTFO,018d937f-35f0-737f-b2ce-be4dedf644e4,False,True,73.0,12.9,47.8,Fanatical,11.69,11.69,11.69
Hacknet,018d937f-3481-73f3-b3e1-06dea061931f,False,True,85.0,1.49,9.99,Humble Store,0.79,1.49,1.49
Forza Horizon 5,018d937f-51cf-71a2-8359-bde443177de4,False,False,0.0,59.99,59.99,Steam,29.99,29.99,29.99
Cry of Fear,018d937f-3499-733c-b9c8-e52574549831,True,,,0.0,0.0,Steam,,,
The Witcher 2: Assassins of Kings Enhanced Edition,018d937e-f524-7384-a34a-0a765b70ff42,False,True,85.0,2.99,19.99,Humble Store,1.75,2.99,2.99
Helltaker,018d937f-420c-71ca-8de1-a1396d260658,True,,,0.0,0.0,Steam,,,
Far Cry,018d937f-1907-72cf-8690-c574012a635d,False,True,73.0,2.7,9.99,GreenManGaming,1.99,2.19,2.19
Teardown,018d937f-399b-70c0-ad47-0d9a89523190,False,False,0.0,29.99,29.99,Steam,12.74,12.75,14.99
Little Nightmares,018d937f-0c86-70e9-9298-ddf197875e33,False,True,78.0,4.41,19.99,GameBillet,2.99,2.99,2.99
Ori and the Blind Forest,018d937f-20fc-70b0-a991-ef52f6e70bd4,,,,,,,,,
The Binding of Isaac: Rebirth,018d937f-09ae-70b2-8269-996df377eeea,False,False,0.0,14.99,14.99,GOG,2.99,7.49,8.99
Devil May Cry 5,018d937e-ff96-704e-bf28-c5b45589e24c,,,,,,,,,
Football Manager 2017,018d937e-f8e3-7099-9aed-3c112cb925e6,,,,,,,,,
America's Army: Proving Grounds,018d937f-1573-7341-a4b1-81e7bb1709d7,True,,,0.0,0.0,Steam,,,
Party Jousting,018d937f-2d86-728d-b4ac-c6b13b2210aa,True,,,0.0,0.0,Steam,,,
Left 4 Dead,018d937f-27e3-71d8-bdef-4a8f482e6bb7,False,False,0.0,9.99,9.99,Steam,0.99,0.99,1.99
Divide By Sheep,018d937f-03a0-714b-96c5-e71861e7bfa1,False,True,80.0,0.99,4.99,Humble Store,0.49,0.99,0.99
Resident Evil 2,018d937f-0e9d-7249-929a-f288c12eafbb,,,,,,,,,
Stories: The Path of Destinies,018d937e-fa1e-7020-94cb-8e93b669a44e,False,True,80.0,2.99,14.99,WinGameStore,1.34,2.99,2.99
Z1 Battle Royale: Test Server,018d937f-1e9e-71c3-8b7c-459d7adf609a,True,,,0.0,0.0,Steam,,,
EA SPORTS FIFA 23,018d937f-6334-70fc-a98b-5115adf61768,,,,,,,,,
Far Cry 4,018d937e-e9e5-72fa-a1dc-e7e0859183b6,False,True,82.0,5.4,29.99,GreenManGaming,3.96,3.96,5.4
Pathfinder: Kingmaker — Enhanced Plus Edition,018d937f-465e-7046-979b-9f8c0358dbe4,False,True,82.0,3.59,19.99,Steam,2.79,2.99,2.99
RISK: Global Domination,018d937f-0c6b-718f-a1f9-3642f31ad1b3,True,,,0.0,0.0,Steam,19.99,,
Skullgirls 2nd Encore,018d937f-4cee-7015-9ee2-902b3645522f,False,True,75.0,6.24,24.99,Steam,0.79,2.49,2.49
Assassin's Creed Odyssey,018d937f-0184-7248-8d64-3c723c523111,False,True,82.0,10.8,59.99,GreenManGaming,5.99,7.92,10.8
Prison Architect,018d937f-03bd-71c2-b2ed-2d640f658e89,False,True,78.0,6.56,29.99,GameBillet,2.14,2.99,6.56
Insurgency: Sandstorm,018d937f-2f29-7309-915c-f4b3603fb866,False,True,75.0,7.49,29.99,Steam,7.45,7.45,7.45
Kingdom Come: Deliverance II,018ef26b-9580-704e-a69c-edeee70cfea5,False,True,55.0,27.19,59.99,AllYouPlay,25.79,25.79,25.79
The Long Dark,018d937f-1073-726a-978d-52c0ba637dec,False,False,0.0,19.99,19.99,GOG,3.49,3.49,3.49
Call of Duty 2,018d937f-0393-722e-83ec-3e52af740cf4,False,True,10.0,17.99,19.99,GamesPlanet US,4.79,9.99,9.99
Red Dead Online,018d937f-49f9-7073-b820-77374e1db39a,False,True,50.0,9.99,19.99,Humble Store,1.24,9.99,9.99
F1 2015,018d937f-05ca-7157-8d2f-6cf3aa7e977d,,,,,,,,,
Friday the 13th: The Game,018d937f-1c4d-71a3-bd58-384eebddf21f,,,,,,,,,
Balatro,018d937f-700e-7161-9c8d-5423af1b7c99,False,True,28.0,10.74,14.99,GameBillet,10.34,10.45,10.45
SCUM,018d937f-248e-70a7-a4eb-5dd871d00cbb,False,True,63.0,16.64,44.99,Fanatical,13.39,13.49,13.49
Dragon's Dogma: Dark Arisen,018d937f-2459-7030-a3cd-77a8f13b87e9,False,True,87.0,4.0,29.99,GameBillet,2.98,3.39,4.0
Half-Life 2: Episode One,018d937f-088b-7364-941d-be6b308787b1,,,,,,,,,
The Evil Within,018d937f-0e04-738c-8409-517f4a4c8ad3,False,True,78.0,4.49,19.99,Fanatical,2.55,4.25,4.29
Resident Evil 3,018d937f-3cd7-718f-bf63-190fd7499310,,,,,,,,,
Minimalism,018d937f-174f-70a5-ad4f-722dc8defcc9,False,False,0.0,0.99,0.99,Steam,0.28,0.49,0.49
Half-Life Deathmatch: Source,018d937f-0e87-7141-b3c6-3cdbe97a7dc0,,,,,,,,,
Darksiders,018d937f-170b-72dd-b08f-99f8b2a0e67e,,,,,,,,,
ARK: Survival Ascended,018d937f-7682-727c-91e4-4abbc012b5bb,False,True,75.0,11.24,44.99,Steam,11.24,11.24,11.24
Stumble Guys,018d937f-576f-724a-aaf9-1294521dc9c7,True,,,0.0,0.0,Steam,3.99,,
MONSTER HUNTER RISE,018d937f-4cef-73ec-ad65-759f7ae219ea,False,True,83.0,6.75,39.99,GameBillet,5.59,5.59,6.55
Batman: Arkham Origins,018d937f-1161-71bd-a3ba-b5f30a4b963b,False,True,83.0,3.45,19.99,GameBillet,1.41,2.94,3.16
POSTAL,018d937f-24a5-719c-aaf0-4988ad4bb157,False,False,0.0,0.0,0.0,Steam,0.49,1.99,1.99
Total War: WARHAMMER III,018d937f-4b6c-713b-90ce-2a4a62881469,False,True,87.0,8.06,59.99,GameBillet,8.06,8.06,8.06
Jotun: Valhalla Edition,018d937f-0c9c-71fa-9913-317ba96abe47,False,True,90.0,1.49,14.99,IndieGala Store,1.49,1.49,1.49
DRAGON BALL FighterZ,018d937f-08a9-708d-82a7-e763d3c936c4,False,True,86.0,8.3,59.99,GameBillet,4.46,7.93,8.3
Tribes of Midgard,018d937f-3288-73f7-89fe-67708b76bdaa,False,True,75.0,4.95,19.99,GameBillet,3.79,3.79,3.8
Call of Duty: Black Ops,018d937f-0a75-730b-942e-d7cc44219c58,False,False,0.0,39.99,39.99,Steam,7.84,19.99,19.99
STAR WARS Knights of the Old Republic,018d937e-f856-715d-b4d3-7bc2706ddf8b,False,True,75.0,2.49,9.99,Fanatical,1.0,1.29,1.49
Cult of the Lamb,018d937f-5ccf-7344-a579-d8feb6ba83cf,False,True,50.0,12.49,24.99,Humble Store,9.99,9.99,11.12
Titanfall 2,018d937f-15aa-73a5-83db-32c7fb61d2a4,False,False,0.0,19.99,19.99,EA Store,1.99,2.39,2.39
Eternal Return,018d937f-1f66-70ef-9f3e-5447af7884bb,False,False,0.0,9.99,9.99,Steam,4.99,4.99,4.99
World War 3,018d937e-f807-720d-90f2-180e406d3f4c,True,,,0.0,0.0,Steam,10.49,,
Detroit: Become Human,018d937e-f0ad-7094-b86c-d8fb32a1e6b4,False,True,86.0,5.6,39.99,Fortuna Digital,3.64,3.64,3.99
Alien Swarm,018d937e-fda6-709d-8a00-1bf62e51d276,True,,,0.0,0.0,Steam,,,
Wolfenstein: Youngblood,018d937f-1f0a-73a6-a3aa-b86195218c5b,False,True,78.0,4.49,19.99,Fanatical,3.27,4.25,4.29
ROUNDS,018d937f-4eab-73e6-aa83-59ca0ca646ce,False,True,50.0,2.99,5.99,Humble Store,2.37,2.38,2.38
Broforce,018d937e-f9b2-7041-8bee-10da4c1a60df,False,True,80.0,2.99,14.99,Humble Store,2.52,2.52,2.67
Portal 2,018d937f-21e1-728e-86d7-9acb3c59f2bb,False,False,0.0,9.99,9.99,Steam,0.99,1.99,1.99
Banished,018d937e-efec-70a4-b072-4f0bc3ee15a2,False,False,0.0,19.99,19.99,Humble Store,4.99,6.79,6.79
A Way Out,018d937f-2077-7336-b125-3cd9641887eb,False,True,70.0,8.99,29.99,Epic Game Store,2.39,2.99,2.99
Kingdom Come: Deliverance,018d937e-ffaf-736e-9842-0215c4cbf061,False,True,80.0,5.99,29.99,Humble Store,2.99,5.99,5.99
Halo: The Master Chief Collection,018d937f-1155-7183-9b7b-f4f3f65b7b11,False,True,13.0,34.99,39.99,Newegg,9.99,9.99,9.99
Getting Over It with Bennett Foddy,018d937e-fcfb-7291-bf00-f651841d24d4,False,False,0.0,7.99,7.99,Humble Store,1.59,1.59,1.59
Age of Empires II (Retired),018d9573-4112-72e4-95af-e89702c3e8c0,,,,,,,,,
Totally Accurate Battle Simulator,018d937f-176a-706a-933d-14eaa8dac5c2,False,True,66.0,6.79,19.99,Humble Store,1.99,1.99,1.99
Spellbreak,018d937f-1020-70c9-80d3-4f52863f0fe1,,,,,,,,,
War Robots,018d937f-11c0-72ea-9650-574932a47982,True,,,0.0,0.0,Steam,,,
BioShock Infinite,018d937e-f877-71b3-aba5-8ff11818cd0b,False,True,90.0,2.99,29.99,Newegg,2.98,2.98,2.98
American Truck Simulator,018d937e-ffc6-7240-84fa-dc653171dc0f,False,True,75.0,4.99,19.99,Steam,1.99,4.99,4.99
Business Tour - Board Game with Online Multiplayer,018d937f-1577-721a-8dd2-e48134e05005,True,,,0.0,0.0,Steam,20.09,,
SoulWorker - Anime Action MMO,018d937f-0161-72c7-bc8f-e62095fef44b,,,,,,,,,
L.A. Noire,018d937f-299c-729c-bc8c-2c990e341c01,False,True,70.0,5.99,19.99,Humble Store,2.33,5.99,5.99
Black Desert,018d937e-f4b9-7080-816b-cf6e33e64534,False,False,0.0,9.99,9.99,Humble Store,0.99,0.99,0.99
Soundpad,018d937e-ff9d-7249-9e32-2c437d6c2877,False,False,0.0,4.99,4.99,Steam,3.99,3.99,3.99
Mount & Blade: Warband,018d937f-0fac-70da-a569-2ef9e5a19558,False,True,16.0,16.79,19.99,GameBillet,1.29,3.81,4.99
Supermarket Together,0190c007-5857-7018-882b-c0c7398dc439,True,,,0.0,0.0,Steam,,,
NBA 2K20,018d937e-f840-7073-871c-bd42fd7d4bdf,,,,,,,,,
NieR:Automata,018d937f-07da-73f9-9dcd-3bba58ac3ff4,,,,,,,,,
Tomb Raider Game of the Year,018d937f-1724-70a8-a832-bb3eda91cbb6,,,,,,,,,
Crusader Kings III,018d937f-3a2c-706d-9bc5-6eb0d04e3857,False,True,17.0,41.47,49.99,GameBillet,12.6,12.6,13.16
Kathy Rain,018d937f-1cd5-7291-b6b7-afc2fd0b9f73,False,True,90.0,1.49,14.99,Humble Store,0.99,0.99,0.99
Monaco: What's Yours Is Mine,018d937e-f483-7204-a468-fb5b3b804749,False,True,90.0,1.49,14.99,Humble Store,1.34,1.49,1.49
Hell Let Loose,018d937f-363d-73f6-9f34-6056264e3ee0,False,True,75.0,12.49,49.99,Microsoft Store,9.71,12.45,12.45
Crucible Beta,018d937f-43e6-73fd-8893-a3267ff20750,,,,,,,,,
METAL GEAR RISING: REVENGEANCE,018d937f-1add-71a2-bfee-94605533db7a,False,True,20.0,23.89,29.99,Fanatical,2.86,10.83,19.29
Half-Life 2: Episode Two,018d937f-33d5-73be-87f4-56da2c86efa5,,,,,,,,,
Albion Online,018d937f-27ca-7000-8447-68de412e1bd1,True,,,0.0,0.0,Nuuvem,19.76,,
FINAL FANTASY XV WINDOWS EDITION,018d937f-228e-7233-9b1b-1389c0b3a1e3,False,True,10.0,44.99,49.99,Newegg,13.99,13.99,13.99
House Flipper,018d937e-ff20-72da-a7b2-c8c733010e96,False,True,90.0,2.49,24.99,Steam,2.14,2.14,2.49
BeamNG.drive,018d937f-153a-7291-844e-c16227dc2dbe,False,False,0.0,24.99,24.99,Humble Store,16.74,19.99,19.99
Life is Strange: Before the Storm,018d937f-1198-7205-90f5-28d962d4c345,False,False,0.0,16.99,16.99,GreenManGaming,2.79,16.99,16.99
Mafia II: Definitive Edition,018d937f-4292-724a-a13a-1f1da1e0ad6c,False,True,83.0,5.24,29.99,Fanatical,3.75,4.49,5.2
Borderlands Game of the Year,018d937f-1d1f-73fa-9019-5296f63a702f,,,,,,,,,
A Dance of Fire and Ice,018d937f-2861-7301-8c3f-a612e8d22543,False,True,20.0,4.79,5.99,Steam,1.99,4.79,4.79
Far Cry 3,018d937e-e9db-717a-baeb-62a6513d146c,False,True,77.0,4.5,19.99,GreenManGaming,2.5,3.52,4.5
Slime Rancher,018d937f-2dc7-7313-be22-b5404d99a6c4,False,True,79.0,4.28,19.99,GameBillet,1.99,1.99,4.23
"Warhammer 40,000: Darktide",018d937f-4443-7255-babb-a2a154f84dd0,False,True,78.0,8.95,39.99,GameBillet,8.04,8.04,8.06
KurtzPel,018d937f-2086-7394-a37b-bd112d4d53a5,True,,,0.0,0.0,Steam,,,
Middle-earth: Shadow of War,018d937e-f835-710c-b95b-928e2f1d4da8,False,True,92.0,4.2,49.99,GameBillet,2.49,3.86,3.96
Assassin’s Creed IV Black Flag,018d937f-0602-72cd-b27e-1beaec4b9f6f,,,,,,,,,
V Rising,018d937f-502d-707c-b964-11cd6990ba4f,False,True,61.0,13.79,34.99,GameBillet,7.89,7.89,7.89
The Outlast Trials,018d937f-4385-73cd-abfc-dc95e5e04166,False,True,70.0,11.99,39.99,Humble Store,11.99,11.99,11.99
POSTAL 2,018d937f-1256-71b1-a55b-4e0d94c9a912,False,True,90.0,0.99,9.99,Humble Store,0.74,0.84,0.9
Elite Dangerous,018d937f-20dd-718c-b020-9b3b478a9a6c,False,True,75.0,5.06,19.99,GameBillet,1.88,1.88,4.95
One-armed robber,018d937f-745a-7119-870c-350fad80b5a5,True,,,0.0,0.0,Steam,,,
Disco Elysium - The Final Cut,018d937f-51f4-727c-95c0-ba550d156c86,False,True,75.0,9.99,39.99,Humble Store,3.59,3.59,7.95
Quake Champions,018d937f-1729-7241-9002-fc1d98cbd266,True,,,0.0,0.0,Steam,4.99,,
GunZ 2: The Second Duel,018d937f-2bb7-7022-9ec3-b600be51bb9f,True,,,0.0,0.0,Steam,,,
Sleeping Dogs: Definitive Edition,018d937e-fd10-71e8-b295-945b5de8e4c2,False,True,85.0,2.99,19.99,Humble Store,1.99,2.99,2.99
Far Cry 5,018d937e-ff81-721c-b0a9-797caababfd7,False,True,86.0,8.1,59.99,GreenManGaming,5.0,8.1,8.1
"Warhammer 40,000: Dawn of War II - Anniversary Edition (Classic)",019d87d9-088e-7097-9c70-5a0cc1fe3354,False,True,82.0,8.99,49.99,Fanatical,3.99,7.96,8.36
Clair Obscur: Expedition 33,018ffe0d-15a7-7247-bb3c-4e5e1980561f,False,True,32.0,33.84,49.99,GameBillet,30.79,30.79,32.59
BLOCKADE 3D,018d937f-2119-720e-81cd-da6fd18b05d9,True,,,0.0,0.0,Steam,,,
Slay the Spire,018d937f-285e-7065-a58b-23400688cc12,False,False,0.0,24.99,24.99,GOG,2.49,2.49,6.24
Football Manager 2023,018d937f-64a5-720b-a07c-51f3cc445588,,,,,,,,,
Survarium,018d937f-3485-7185-8889-1622af51b34c,,,,,,,,,
Metro Exodus,018d937f-1e66-7184-b1d7-1634c8fc9df4,False,True,85.0,4.49,29.99,GOG,2.99,2.99,4.49
BioShock 2 Remastered,018d937f-1163-73c6-8a57-2660e40ceaf0,False,True,85.0,2.99,19.99,Epic Game Store,2.99,2.99,2.99
The Descendant,018d937f-2da6-7244-a321-43ab6acf9267,False,True,15.0,12.55,14.77,GamesPlanet UK,0.56,1.29,1.29
Fishing Planet,018d937f-2efd-726b-8bef-2c81fbc62dfa,True,,,0.0,0.0,Steam,19.93,,
Sniper Elite 5,018d937f-5e0e-71d6-a8ac-f36fbe3897db,False,True,92.0,3.99,49.99,Fanatical,3.49,3.49,3.49
Ultimate Custom Night,018d937f-30be-7090-96c2-a66dbb4b1b71,False,False,0.0,0.0,0.0,Steam,7.99,7.99,7.99
Super Meat Boy,018d937f-22a3-73c2-b90f-0ea5c89c6ab9,False,True,93.0,1.04,14.99,Epic Game Store,0.74,0.74,0.89
Kingdom Two Crowns,018d937e-f969-72ed-a245-152dad151e29,False,True,83.0,3.32,19.99,GameBillet,3.32,3.32,3.32
The Bureau: XCOM Declassified,018d937f-0403-726b-9cdd-c51bb324a406,False,True,83.0,3.45,19.99,GameBillet,3.4,3.45,3.45
Mirror,018d95f3-2069-707e-87ec-fc35c108a38c,False,False,0.0,1.99,1.99,Steam,0.79,0.79,0.79
Need For Speed: Hot Pursuit,018d937f-05c5-7214-8e83-90c35063ae7a,,,,,,,,,
Assassin's Creed Syndicate,018d937e-fdd8-73fc-b6f2-669d6969f960,False,True,77.0,6.75,29.99,GreenManGaming,3.96,3.96,6.75
Cities: Skylines II,018d937f-6b8e-701a-8b52-fc6645051dd6,False,True,38.0,30.75,49.99,GameBillet,30.75,30.75,30.75
DAVE THE DIVER,018d937f-6193-709d-abb2-957fd9982d2f,False,True,55.0,8.99,19.99,Fanatical,7.79,7.79,8.39
Starbound,018d937e-ea37-73f8-b1a9-a6869e3c024d,False,True,50.0,7.49,14.99,GOG,3.74,4.49,7.49
Escape the Backrooms,018d937f-619b-7030-921e-96f4eaf27dda,False,True,32.0,6.75,9.99,GameBillet,4.55,4.55,6.26
Buckshot Roulette,018d937f-7a39-718f-b8f4-0bb6e988bc28,False,True,40.0,1.79,2.99,Steam,1.78,1.78,1.78
Pathfinder: Wrath of the Righteous - Enhanced Edition,018d937f-65f2-73ff-9da2-7b422ba45745,False,True,74.0,5.27,19.99,Playsum,3.03,3.94,3.96
A Story About My Uncle,018d937f-1a87-7321-b71d-a0e59c1d7a77,False,True,80.0,2.99,14.99,Humble Store,0.49,1.69,2.99
Party Animals,018d937f-063c-71f6-8d23-727861480328,False,False,0.0,19.99,19.99,Gamesporium,9.0,9.99,11.99
Street Fighter V,018d937e-f488-72b9-88ec-a6021e428927,False,False,0.0,19.98,19.99,eTail.Market,3.55,19.98,19.98
STAR WARS: The Old Republic,018d937e-fee0-7282-a941-79b836cd376d,True,,,0.0,0.0,Steam,19.99,,
BattleBlock Theater,018d937f-07fe-729b-910f-3823f93c08eb,False,False,0.0,14.99,14.99,Steam,1.49,4.49,4.49
Dwarf Fortress,018d937f-139f-7102-bcaa-2b6ae4e56e5a,False,True,20.0,23.99,29.99,Humble Store,23.99,23.99,23.99
Barotrauma,018d937f-0129-7250-9a75-9b5223b3742a,False,True,60.0,13.95,34.99,GameBillet,3.49,3.49,12.99
Gunfire Reborn,018d937f-4257-70c8-bd0e-87bba91f2935,False,False,0.0,19.99,19.99,Humble Store,9.47,10.99,13.99
Neon Abyss,018d937f-380a-72e5-8720-6e50d31974c6,False,True,79.0,4.25,19.99,GreenManGaming,2.88,2.88,3.95
Clicker Heroes,018d937f-2034-7185-b008-fbfc220c309f,True,,,0.0,0.0,Steam,,,
Football Manager 2022,018d937f-58de-725d-9f31-657a07b950c1,,,,,,,,,
Content Warning,018e9a66-76fa-71c2-97a6-ba246ef7427f,False,True,30.0,5.59,7.99,Humble Store,3.86,3.86,3.86
封灵档案,018d937f-4b41-70d2-a778-7cc1493525b1,,,,,,,,,
Chivalry 2,018d937f-3a69-719a-a766-acba4a891b96,False,True,80.0,7.99,39.99,Humble Store,2.59,2.59,3.99
Grand Theft Auto III,018d937f-223e-7372-9fca-fa02e0652441,,,,,,,,,
Assetto Corsa,018d937f-0192-714b-abce-17e006566a8d,False,True,81.0,3.85,19.99,GameBillet,1.54,3.85,3.85
Northgard: Definitive Edition,019abae2-bdde-72d5-82eb-e03666440cff,False,False,0.0,34.99,34.99,Epic Game Store,7.49,29.99,34.99
Star Conflict,018d937f-010c-7126-bd87-f9cf8fee68f6,True,,,0.0,0.0,Steam,,,
Shadowrun Returns,018d937f-362d-707d-b05a-be11b78dea12,False,True,75.0,3.75,14.99,GOG,1.49,3.4,3.4
Killing Floor 2,018d937f-327d-7178-8eb7-79e76361b4dc,False,True,90.0,2.99,29.99,Humble Store,1.49,1.95,2.99
Who's Your Daddy?!,018d937f-03d7-70fc-9c0c-3c36a90724d0,False,True,50.0,4.99,9.99,Microsoft Store,0.99,3.09,4.99
Age of Empires II: Definitive Edition,018d937e-ea24-70bd-91e9-b1a8c6782f58,False,True,13.0,17.49,19.99,Newegg,4.25,9.89,9.89
Braveland,018d937f-0e13-72cb-9808-4487453f4f18,False,True,90.0,0.99,9.99,Steam,0.37,0.99,0.99
Mortal Kombat 11,018d937f-132d-72f2-b1d6-ef9eaabb3203,False,True,92.0,4.14,49.99,GameBillet,2.49,2.49,3.87
Brotato,018d937f-64e8-73ff-b9b0-8449b0a8eb8c,False,True,5.0,4.74,4.99,GamesPlanet US,2.99,2.99,2.99
ARK: Survival Of The Fittest,018d937f-2d2e-72d2-a6ff-f103bdfeb675,,,,,,,,,
The Lord of the Rings Online,018d9572-a394-7210-8c51-e04713b2df64,True,,,0.0,0.0,Steam,,,
SCP: Secret Laboratory,018d937f-03a6-7148-82df-59277ac6580f,True,,,0.0,0.0,Steam,0.49,,
DARK SOULS III,018d937f-209c-7223-8ead-671a11f25e7e,False,True,37.0,37.99,59.99,GameBillet,5.99,23.14,24.01
Mortal Kombat X,018d937f-0c3b-716c-9b8d-b420f9850264,False,True,83.0,3.3,19.99,GameBillet,2.49,3.08,3.16
Arma 2: Operation Arrowhead,018d937e-ff35-71b0-8bfb-6083d333bc94,False,False,0.0,19.99,19.99,Steam,2.99,3.99,3.99
South Park: The Stick of Truth,018d937e-ea28-7385-82ae-194da55d7217,False,True,77.0,6.75,29.99,GreenManGaming,1.0,5.4,6.75
Nioh: Complete Edition,018d937e-ff9a-7155-8cc8-0f2b7c01ded6,False,True,85.0,7.49,49.99,Epic Game Store,4.2,4.2,4.2
Blender,018d937f-08bb-72d1-9a4a-d63dd3e0dc9a,True,,,0.0,0.0,Steam,,,
Kenshi,018d937e-f4aa-70cb-95d4-a5c09d41f310,False,True,60.0,11.99,29.99,Epic Game Store,4.49,11.99,11.99
Guacamelee! Super Turbo Championship Edition,018d937e-ea6e-7178-ab1d-c18c6a48462e,False,True,80.0,3.04,14.99,GameBillet,1.49,2.0,3.04
Deceit,018d937f-07f3-72cf-974e-588a4ec9d5ec,,,,,,,,,
Manor Lords,018d937f-43f3-7181-a7ef-f059395e87bc,False,True,35.0,25.99,39.99,Humble Store,19.79,19.79,22.33
Total War: WARHAMMER II,018d937f-19bf-7267-b295-082ae0d3557e,False,True,78.0,13.46,59.99,GameBillet,1.0,12.56,13.46
Company of Heroes - Legacy Edition,018d937f-0c7f-73bf-9824-d7b50e1acb52,,,,,,,,,
Guild Wars 2,018d937e-f8e0-72c9-8f3c-0c3f92129010,True,,,0.0,0.0,Steam,17.26,,
Car Mechanic Simulator 2018,018d937f-33e8-72ed-a34e-8397d3f83437,False,True,100.0,0.0,19.99,Steam,1.99,1.99,1.99
Moonlighter,018d937f-037b-72ec-bb12-226c3ec8334b,False,True,88.0,2.34,19.99,GameBillet,1.39,1.39,1.73
Kingdom: Classic,018d937f-12d8-7124-9366-76b11c1d43cb,True,,,0.0,0.0,Steam,0.39,,
Vindictus,018d937f-37c0-720e-ac81-0cf83583d572,True,,,0.0,0.0,Steam,,,
Ori and the Will of the Wisps,018d937f-3cc5-7116-b8e1-06ca7dd2e7ca,False,False,0.0,29.99,29.99,Steam,5.99,7.49,7.49
Dying Light 2 Stay Human: Reloaded Edition,018dd0ec-ce78-7205-887b-cfc7b259ae00,False,True,75.0,14.99,59.99,Humble Store,14.99,14.99,14.99
PAYDAY The Heist,018d937f-105c-70ab-905f-cbc0d4bcba15,False,True,16.0,12.59,14.99,GameBillet,1.49,1.49,3.29
SPORE,018d937f-014d-73c0-8229-239746b507b2,False,False,0.0,19.99,19.99,Steam,1.99,4.99,4.99
Football Manager 2020,018d937e-f041-71a3-8511-fd62cafbf203,,,,,,,,,
Deathmatch Classic,018d937f-30dc-731c-a536-1f12d608703d,False,False,0.0,4.99,4.99,Steam,0.49,1.24,1.24
Wolfenstein: The New Order,018d937f-11e6-715a-a82c-205cfda90ddd,False,True,78.0,4.49,19.99,Fanatical,3.4,3.99,4.29
The Stanley Parable,018d937f-060b-7399-9cd9-f894b77fb9a9,False,False,0.0,14.99,14.99,Humble Store,2.25,7.49,7.49
Codename CURE,018d937f-1384-7171-b4f6-f2ec7e15d708,True,,,0.0,0.0,Steam,,,
The Elder Scrolls V: Skyrim,018d937f-2b23-73a3-9b40-d93860065d00,,,,,,,,,
Loadout,018d937e-fd88-704a-b728-cae33dc2ef4c,,,,,,,,,
MultiVersus,018d937f-618d-71f5-bb24-989b0a740087,,,,,,,,,
Hotline Miami,018d937f-1991-707d-9471-9514de905e38,False,True,80.0,1.99,9.99,Humble Store,0.75,1.78,1.78
"Warhammer 40,000: Space Marine - Anniversary Edition",018d937f-570a-7137-82a4-f7ff6e9b3d42,False,True,78.0,8.75,39.99,GameBillet,7.49,7.96,8.36
Fallout 3: Game of the Year Edition,018d937f-23f0-711e-ad7c-2cc0829d75f9,False,True,70.0,5.99,19.99,Fanatical,2.91,4.25,4.99
Metin2,018d937f-1c6f-73ad-a328-0c8a07093fff,,,,,,,,,
Resident Evil 4,018d937f-2eee-702c-853a-490e8f910db7,,,,,,,,,
Europa Universalis IV,018d937f-07fc-72ed-8517-d8e24cb1eb22,False,True,17.0,33.17,39.99,GameBillet,3.49,3.49,4.0
Transformice,018d937f-00ef-722b-9017-404fb63b4a31,True,,,0.0,0.0,Steam,,,
GRIS,018d937f-1056-73e9-8a9a-7595ec633fe4,False,True,80.0,2.99,14.99,Humble Store,1.49,1.49,2.67
Castle Crashers,018d937f-0bcf-7125-af41-d2931db714d6,False,False,0.0,14.99,14.99,Steam,1.49,1.49,4.49
The Red Solstice,018d937f-1188-7195-8d3a-4d07edd9cd08,False,False,0.0,9.99,9.99,Steam,0.99,0.99,0.99
SOMA,018d937e-fd30-70ab-baba-665d4b6c0baf,False,True,75.0,7.49,29.99,Steam,1.49,1.49,7.49
Hades,018d937f-33f0-7200-80fc-87f769196c84,False,False,0.0,24.99,24.99,Microsoft Store,6.24,6.24,6.24
HITMAN,018d937f-222d-7300-b046-874f2a8d710f,,,,,,,,,
DEVOUR,018d937f-45e6-71ce-9e29-913c574efcab,False,False,0.0,9.99,9.99,Humble Store,3.99,4.99,4.99
Hitman: Blood Money,018d937e-f9c8-727a-ad7b-cb2c440e3e66,False,True,90.0,0.99,9.99,GOG,0.73,0.78,0.99
AdVenture Capitalist,018d937f-0e6e-733f-a62b-5ab1a90335ad,True,,,0.0,0.0,Steam,3.99,,
Just Cause 2: Multiplayer Mod,018d937e-ea19-73d0-90a7-f24a8a657d88,True,,,0.0,0.0,Steam,,,
MORDHAU,018d937f-0bec-7031-9dfd-a18a2b0ea679,False,True,17.0,24.87,29.99,GameBillet,2.99,2.99,5.99
Fallout: New Vegas,018d937f-0896-71b1-94d9-82725d1e320a,False,True,56.0,4.44,9.99,Fanatical,0.99,0.99,0.99
