steam_id,total_reviews,total_positive,total_negative,positive_ratio,review_score_desc
2059530,1791,1395,396,0.779,Mostly Positive
2734450,2528,2183,345,0.864,Very Positive
365050,290,181,109,0.624,Mixed
2705100,9,5,4,0.556,9 user reviews
1116580,3262,3076,186,0.943,Very Positive
860960,19,11,8,0.579,Mixed
3290830,4,3,1,0.75,4 user reviews
791950,30,8,22,0.267,Mostly Negative
1419850,1905,1681,224,0.882,Very Positive
1487320,40,32,8,0.8,Positive
2451470,34,28,6,0.824,Positive
1405790,765,483,282,0.631,Mixed
227380,705,539,166,0.765,Mostly Positive
1068640,394,282,112,0.716,Mostly Positive
1376790,25,25,0,1.0,Positive
695600,239,180,59,0.753,Mostly Positive
1037930,116,87,29,0.75,Mostly Positive
391740,409,180,229,0.44,Mixed
676770,499,421,78,0.844,Very Positive
618620,187,105,82,0.561,Mixed
1828010,7,2,5,0.286,7 user reviews
235980,513,495,18,0.965,Overwhelmingly Positive
3134130,1,1,0,1.0,1 user reviews
1717250,671,287,384,0.428,Mixed
1111370,2170,2084,86,0.96,Overwhelmingly Positive
1725950,216,147,69,0.681,Mixed
1021770,2716,2415,301,0.889,Very Positive
2285630,748,562,186,0.751,Mostly Positive
204220,261,191,70,0.732,Mostly Positive
1958600,623,532,91,0.854,Very Positive
565030,211,168,43,0.796,Mostly Positive
388050,119,66,53,0.555,Mixed
1382200,1197,1142,55,0.954,Overwhelmingly Positive
313780,2252,1733,519,0.77,Mostly Positive
1573750,476,435,41,0.914,Very Positive
606730,680,438,242,0.644,Mixed
345820,3026,2810,216,0.929,Very Positive
1320950,310,255,55,0.823,Very Positive
517130,561,493,68,0.879,Very Positive
419460,1533,1384,149,0.903,Very Positive
1725440,170,154,16,0.906,Very Positive
408740,681,335,346,0.492,Mixed
2688890,1,1,0,1.0,1 user reviews
762670,12,6,6,0.5,Mixed
1153130,761,712,49,0.936,Very Positive
844960,360,272,88,0.756,Mostly Positive
1471040,478,178,300,0.372,Mostly Negative
1692240,581,535,46,0.921,Very Positive
731620,1498,844,654,0.563,Mixed
2140170,13,10,3,0.769,Mostly Positive
260250,619,365,254,0.59,Mixed
1078760,1787,1192,595,0.667,Mixed
1438440,978,913,65,0.934,Very Positive
351250,246,210,36,0.854,Very Positive
1515930,2,0,2,0.0,2 user reviews
2093680,3,2,1,0.667,3 user reviews
1469160,285,179,106,0.628,Mixed
497050,180,94,86,0.522,Mixed
1286220,5705,5158,547,0.904,Very Positive
57400,2144,2107,37,0.983,Overwhelmingly Positive
513320,355,132,223,0.372,Mostly Negative
1841220,2,2,0,1.0,2 user reviews
1269550,310,263,47,0.848,Very Positive
33770,405,329,76,0.812,Very Positive
785890,1342,1290,52,0.961,Overwhelmingly Positive
485690,539,395,144,0.733,Mostly Positive
268810,375,288,87,0.768,Mostly Positive
2063050,66,49,17,0.742,Mostly Positive
1250940,12,8,4,0.667,Mixed
452710,267,199,68,0.745,Mostly Positive
582810,459,298,161,0.649,Mixed
904360,618,445,173,0.72,Mostly Positive
1273260,1438,1301,137,0.905,Very Positive
609110,1938,1696,242,0.875,Very Positive
1559680,756,586,170,0.775,Mostly Positive
2634890,2417,2281,136,0.944,Very Positive
480480,256,219,37,0.855,Very Positive
1352330,1643,1282,361,0.78,Mostly Positive
1659090,91,60,31,0.659,Mixed
345860,604,509,95,0.843,Very Positive
444160,166,91,75,0.548,Mixed
1839940,1521,866,655,0.569,Mixed
1011300,440,264,176,0.6,Mixed
369110,633,407,226,0.643,Mixed
441830,1695,1220,475,0.72,Mostly Positive
1056350,61,59,2,0.967,Very Positive
809540,537,449,88,0.836,Very Positive
466840,321,175,146,0.545,Mixed
384150,1034,721,313,0.697,Mixed
915670,630,295,335,0.468,Mixed
1694420,2982,2835,147,0.951,Overwhelmingly Positive
365580,169,153,16,0.905,Very Positive
1276850,11,8,3,0.727,Mostly Positive
984800,912,654,258,0.717,Mostly Positive
307050,2272,1635,637,0.72,Mostly Positive
42850,389,329,60,0.846,Very Positive
1444170,23,18,5,0.783,Mostly Positive
1493760,2258,1641,617,0.727,Mostly Positive
1687280,4,1,3,0.25,4 user reviews
370710,126,86,40,0.683,Mixed
1456230,148,106,42,0.716,Mostly Positive
3600,337,246,91,0.73,Mostly Positive
355070,227,109,118,0.48,Mixed
1453600,278,256,22,0.921,Very Positive
474910,244,138,106,0.566,Mixed
896160,1759,1344,415,0.764,Mostly Positive
764920,899,489,410,0.544,Mixed
1500390,20,20,0,1.0,Positive
2073540,27,15,12,0.556,Mixed
1273250,234,227,7,0.97,Very Positive
987020,1396,781,615,0.559,Mixed
1941340,25,23,2,0.92,Positive
564980,57,41,16,0.719,Mostly Positive
1337970,743,675,68,0.908,Very Positive
259060,1449,1314,135,0.907,Very Positive
1879030,137,86,51,0.628,Mixed
441010,414,370,44,0.894,Very Positive
862480,597,479,118,0.802,Very Positive
1449920,47,29,18,0.617,Mixed
1390010,745,628,117,0.843,Very Positive
3177340,46,42,4,0.913,Positive
830820,1288,1164,124,0.904,Very Positive
504770,976,805,171,0.825,Very Positive
2370,216,161,55,0.745,Mostly Positive
259810,1466,1385,81,0.945,Very Positive
1335560,1922,1838,84,0.956,Overwhelmingly Positive
2780710,1249,1027,222,0.822,Very Positive
1951220,1005,506,499,0.503,Mixed
449710,814,694,120,0.853,Very Positive
255920,505,343,162,0.679,Mixed
200990,57,49,8,0.86,Very Positive
610780,145,56,89,0.386,Mostly Negative
35010,12,11,1,0.917,Positive
2362740,1112,945,167,0.85,Very Positive
240970,558,511,47,0.916,Very Positive
39640,275,209,66,0.76,Mostly Positive
2494370,70,46,24,0.657,Mixed
364300,451,290,161,0.643,Mixed
1103100,400,335,65,0.838,Very Positive
597230,996,896,100,0.9,Very Positive
3272140,28,14,14,0.5,Mixed
1448230,88,58,30,0.659,Mixed
292230,331,229,102,0.692,Mixed
2129470,206,41,165,0.199,Very Negative
395380,163,108,55,0.663,Mixed
376920,233,171,62,0.734,Mostly Positive
416060,322,219,103,0.68,Mixed
1233070,1475,1371,104,0.929,Very Positive
1369800,4,4,0,1.0,4 user reviews
2458560,2326,1409,917,0.606,Mixed
1566500,4,4,0,1.0,4 user reviews
1398100,181,139,42,0.768,Mostly Positive
2303300,20,7,13,0.35,Mostly Negative
2971610,3537,3323,214,0.939,Very Positive
1931180,2888,1770,1118,0.613,Mixed
597700,465,419,46,0.901,Very Positive
116100,408,242,166,0.593,Mixed
269890,483,261,222,0.54,Mixed
3337200,2,0,2,0.0,2 user reviews
2776450,2632,2139,493,0.813,Very Positive
1101790,2435,1814,621,0.745,Mostly Positive
340730,1139,943,196,0.828,Very Positive
201000,48,43,5,0.896,Positive
457860,605,497,108,0.821,Very Positive
334190,297,218,79,0.734,Mostly Positive
2168200,19,13,6,0.684,Mixed
448850,2126,2001,125,0.941,Very Positive
1547670,711,547,164,0.769,Mostly Positive
399890,504,406,98,0.806,Very Positive
2719940,2695,2082,613,0.773,Mostly Positive
704920,1694,1602,92,0.946,Very Positive
1647390,109,102,7,0.936,Very Positive
457960,704,630,74,0.895,Very Positive
339350,1998,1921,77,0.961,Overwhelmingly Positive
747920,275,171,104,0.622,Mixed
434820,188,157,31,0.835,Very Positive
369040,237,139,98,0.586,Mixed
341950,380,311,69,0.818,Very Positive
1611410,1651,1549,102,0.938,Very Positive
810660,830,772,58,0.93,Very Positive
782660,372,199,173,0.535,Mixed
269170,841,697,144,0.829,Very Positive
2687970,1375,859,516,0.625,Mixed
1982360,3,3,0,1.0,3 user reviews
1420300,1103,807,296,0.732,Mostly Positive
1619220,277,140,137,0.505,Mixed
1390380,150,140,10,0.933,Very Positive
767390,1212,826,386,0.682,Mixed
2162680,809,603,206,0.745,Mostly Positive
458770,1661,1201,460,0.723,Mostly Positive
262960,1271,972,299,0.765,Mostly Positive
545030,140,120,20,0.857,Very Positive
415030,663,509,154,0.768,Mostly Positive
990260,189,123,66,0.651,Mixed
555260,82,41,41,0.5,Mixed
428100,179,144,35,0.804,Very Positive
2498580,40,24,16,0.6,Mixed
1980530,1802,1702,100,0.945,Very Positive
444720,371,244,127,0.658,Mixed
533820,172,119,53,0.692,Mixed
722230,1157,560,597,0.484,Mixed
3240760,3,1,2,0.333,3 user reviews
792710,1126,1056,70,0.938,Very Positive
1638220,2559,2388,171,0.933,Very Positive
559610,1893,1727,166,0.912,Very Positive
765450,55,37,18,0.673,Mixed
1830040,102,93,9,0.912,Very Positive
1546920,649,586,63,0.903,Very Positive
319730,242,118,124,0.488,Mixed
406730,130,70,60,0.538,Mixed
3367780,1,0,1,0.0,1 user reviews
2943780,532,122,410,0.229,Mostly Negative
747360,1178,990,188,0.84,Very Positive
439550,185,91,94,0.492,Mixed
259680,7303,6909,394,0.946,Very Positive
585840,1165,946,219,0.812,Very Positive
320320,588,463,125,0.787,Mostly Positive
1062100,93,66,27,0.71,Mostly Positive
306370,116,72,44,0.621,Mixed
761030,595,434,161,0.729,Mostly Positive
2442440,67,66,1,0.985,Very Positive
1918970,467,297,170,0.636,Mixed
339130,578,540,38,0.934,Very Positive
780670,687,551,136,0.802,Very Positive
1366810,202,154,48,0.762,Mostly Positive
1583690,14,14,0,1.0,Positive
1160490,2907,2820,87,0.97,Overwhelmingly Positive
513290,1275,676,599,0.53,Mixed
1877020,3875,2379,1496,0.614,Mixed
80200,448,351,97,0.783,Mostly Positive
1430140,18,10,8,0.556,Mixed
2442460,2250,2076,174,0.923,Very Positive
1057720,431,375,56,0.87,Very Positive
1507260,9,8,1,0.889,9 user reviews
307340,574,521,53,0.908,Very Positive
1158450,223,61,162,0.274,Mostly Negative
2355170,2,2,0,1.0,2 user reviews
433100,2769,2195,574,0.793,Mostly Positive
639650,799,748,51,0.936,Very Positive
895110,1020,671,349,0.658,Mixed
636360,32,17,15,0.531,Mixed
404920,268,121,147,0.451,Mixed
703280,429,304,125,0.709,Mostly Positive
353090,1099,1059,40,0.964,Overwhelmingly Positive
601640,199,117,82,0.588,Mixed
509560,206,140,66,0.68,Mixed
3259240,3,3,0,1.0,3 user reviews
395400,89,50,39,0.562,Mixed
1674780,1159,967,192,0.834,Very Positive
726990,915,816,99,0.892,Very Positive
340460,755,359,396,0.475,Mixed
245470,7250,5380,1870,0.742,Mostly Positive
312750,3163,2659,504,0.841,Very Positive
1029890,2425,1739,686,0.717,Mostly Positive
1124180,2489,2211,278,0.888,Very Positive
2478970,8342,7039,1303,0.844,Very Positive
2786680,8815,8399,416,0.953,Overwhelmingly Positive
401190,3904,2620,1284,0.671,Mixed
1568330,40,28,12,0.7,Mostly Positive
1457930,40,31,9,0.775,Mostly Positive
1637140,259,242,17,0.934,Very Positive
596970,3437,2898,539,0.843,Very Positive
431710,981,805,176,0.821,Very Positive
412170,339,244,95,0.72,Mostly Positive
816090,10659,7701,2958,0.722,Mostly Positive
300970,607,365,242,0.601,Mixed
381990,1504,973,531,0.647,Mixed
360890,378,140,238,0.37,Mostly Negative
843390,2670,2547,123,0.954,Overwhelmingly Positive
1266560,130,88,42,0.677,Mixed
42170,931,517,414,0.555,Mixed
1043810,11677,11446,231,0.98,Overwhelmingly Positive
562230,614,516,98,0.84,Very Positive
2704110,8978,8782,196,0.978,Overwhelmingly Positive
623280,4707,2325,2382,0.494,Mixed
19000,3873,1846,2027,0.477,Mixed
648390,6640,6202,438,0.934,Very Positive
663380,1973,1370,603,0.694,Mixed
434050,6356,5361,995,0.843,Very Positive
305260,3435,2613,822,0.761,Mostly Positive
1024890,3232,2658,574,0.822,Very Positive
525480,4178,3627,551,0.868,Very Positive
991170,4373,3586,787,0.82,Very Positive
275100,4289,3652,637,0.851,Very Positive
1606180,9114,6567,2547,0.721,Mostly Positive
1209040,10875,7885,2990,0.725,Mostly Positive
1121910,12665,11620,1045,0.917,Very Positive
286040,3761,2750,1011,0.731,Mostly Positive
366760,1285,985,300,0.767,Mostly Positive
503580,1588,1352,236,0.851,Very Positive
1359090,33093,25689,7404,0.776,Mostly Positive
838310,4452,4201,251,0.944,Very Positive
786520,3031,2660,371,0.878,Very Positive
1009290,6806,4154,2652,0.61,Mixed
1510,2417,2195,222,0.908,Very Positive
254060,1429,1007,422,0.705,Mostly Positive
408900,7546,6493,1053,0.86,Very Positive
274920,8320,6710,1610,0.806,Very Positive
208520,2387,1599,788,0.67,Mixed
371970,14870,13604,1266,0.915,Very Positive
483770,1344,773,571,0.575,Mixed
680780,32,17,15,0.531,Mixed
397460,2167,2063,104,0.952,Overwhelmingly Positive
2890830,6751,5512,1239,0.816,Very Positive
443580,2722,2078,644,0.763,Mostly Positive
1170950,13599,8185,5414,0.602,Mixed
262120,1173,920,253,0.784,Mostly Positive
1857090,9889,8071,1818,0.816,Very Positive
629910,2823,1490,1333,0.528,Mixed
570840,4168,3870,298,0.929,Very Positive
427100,11931,8838,3093,0.741,Mostly Positive
673750,11717,10027,1690,0.856,Very Positive
1769170,2036,1940,96,0.953,Overwhelmingly Positive
1191210,2882,2409,473,0.836,Very Positive
2022670,3596,2461,1135,0.684,Mixed
327410,10701,9086,1615,0.849,Very Positive
931280,1843,1439,404,0.781,Mostly Positive
576770,3449,3070,379,0.89,Very Positive
1969930,1,0,1,0.0,1 user reviews
255320,1832,1581,251,0.863,Very Positive
1362420,982,855,127,0.871,Very Positive
202130,450,206,244,0.458,Mixed
201480,811,401,410,0.494,Mixed
773790,7454,7088,366,0.951,Overwhelmingly Positive
1070580,5994,5461,533,0.911,Very Positive
1037020,3216,2776,440,0.863,Very Positive
287980,16461,15812,649,0.961,Overwhelmingly Positive
684450,4527,3204,1323,0.708,Mostly Positive
360830,5372,4028,1344,0.75,Mostly Positive
444940,1484,1321,163,0.89,Very Positive
529180,11817,6154,5663,0.521,Mixed
543460,8277,4705,3572,0.568,Mixed
1680880,8445,5285,3160,0.626,Mixed
1129190,13459,13293,166,0.988,Overwhelmingly Positive
808290,1521,1050,471,0.69,Mixed
703950,920,682,238,0.741,Mostly Positive
1263370,4678,3950,728,0.844,Very Positive
2475490,36608,34920,1688,0.954,Overwhelmingly Positive
320300,14615,13502,1113,0.924,Very Positive
209630,1131,828,303,0.732,Mostly Positive
240440,993,913,80,0.919,Very Positive
1218250,4765,4074,691,0.855,Very Positive
1203710,3459,3235,224,0.935,Very Positive
320240,13692,10513,3179,0.768,Mostly Positive
420110,12763,12365,398,0.969,Overwhelmingly Positive
758370,2322,2110,212,0.909,Very Positive
215830,4506,3297,1209,0.732,Mostly Positive
24720,7632,6821,811,0.894,Very Positive
218740,2429,2023,406,0.833,Very Positive
1569580,18200,15756,2444,0.866,Very Positive
1010800,1532,1272,260,0.83,Very Positive
1243830,7695,5592,2103,0.727,Mostly Positive
438180,655,481,174,0.734,Mostly Positive
373930,8244,6444,1800,0.782,Mostly Positive
19980,3803,2999,804,0.789,Mostly Positive
695920,1796,1492,304,0.831,Very Positive
824600,6356,6137,219,0.966,Overwhelmingly Positive
1142130,1629,1205,424,0.74,Mostly Positive
1634680,2267,1632,635,0.72,Mostly Positive
1556200,5567,4239,1328,0.761,Mostly Positive
2440380,3984,2875,1109,0.722,Mostly Positive
244710,3700,3146,554,0.85,Very Positive
242820,4678,4328,350,0.925,Very Positive
512790,3948,3591,357,0.91,Very Positive
1898300,11653,9311,2342,0.799,Mostly Positive
105800,793,629,164,0.793,Mostly Positive
1367550,10573,9965,608,0.942,Very Positive
331600,10810,8450,2360,0.782,Mostly Positive
2453360,3485,3076,409,0.883,Very Positive
2208920,42357,29445,12912,0.695,Mixed
292330,557,232,325,0.417,Mixed
537430,599,285,314,0.476,Mixed
354290,1680,1267,413,0.754,Mostly Positive
314970,2812,2298,514,0.817,Very Positive
1245250,443,266,177,0.6,Mixed
1330470,7013,6077,936,0.867,Very Positive
1477830,5489,4890,599,0.891,Very Positive
365960,9085,7159,1926,0.788,Mostly Positive
1318690,15422,14799,623,0.96,Overwhelmingly Positive
1102130,15912,14843,1069,0.933,Very Positive
1674170,12299,11423,876,0.929,Very Positive
891040,10131,8761,1370,0.865,Very Positive
1353300,10345,8796,1549,0.85,Very Positive
1227650,5061,4843,218,0.957,Overwhelmingly Positive
20820,1333,1247,86,0.935,Very Positive
285920,24600,22480,2120,0.914,Very Positive
1026680,5347,4013,1334,0.751,Mostly Positive
331470,77481,73220,4261,0.945,Very Positive
910490,3492,2450,1042,0.702,Mostly Positive
285330,5758,5157,601,0.896,Very Positive
247430,3530,3062,468,0.867,Very Positive
476460,1807,1707,100,0.945,Very Positive
1622910,11538,10197,1341,0.884,Very Positive
1261040,7825,5965,1860,0.762,Mostly Positive
228360,3166,2903,263,0.917,Very Positive
345350,4717,3725,992,0.79,Mostly Positive
386010,1229,932,297,0.758,Mostly Positive
449960,9454,8558,896,0.905,Very Positive
574720,3368,2815,553,0.836,Very Positive
696170,4238,3435,803,0.811,Very Positive
1166290,8261,7127,1134,0.863,Very Positive
314020,4844,4028,816,0.832,Very Positive
269670,3246,2782,464,0.857,Very Positive
1250760,8114,7694,420,0.948,Very Positive
1444740,14,10,4,0.714,Mostly Positive
1249800,9566,5994,3572,0.627,Mixed
604540,6237,2992,3245,0.48,Mixed
580910,57,16,41,0.281,Mostly Negative
1144170,1204,653,551,0.542,Mixed
257730,3466,2672,794,0.771,Mostly Positive
2667500,100,50,50,0.5,Mixed
238280,1637,1194,443,0.729,Mostly Positive
347830,2374,2123,251,0.894,Very Positive
553310,6619,6421,198,0.97,Overwhelmingly Positive
607080,14089,13499,590,0.958,Overwhelmingly Positive
1098293,5401,3221,2180,0.596,Mixed
421060,259,179,80,0.691,Mixed
1262060,2652,2232,420,0.842,Very Positive
962580,2153,1613,540,0.749,Mostly Positive
529920,22,12,10,0.545,Mixed
435400,9477,9160,317,0.967,Overwhelmingly Positive
1230570,11,6,5,0.545,Mixed
335670,15009,14326,683,0.954,Overwhelmingly Positive
555670,145,86,59,0.593,Mixed
1180660,15415,12670,2745,0.822,Very Positive
557400,1779,1520,259,0.854,Very Positive
274290,2928,2062,866,0.704,Mostly Positive
272270,4352,3065,1287,0.704,Mostly Positive
604330,2221,2126,95,0.957,Overwhelmingly Positive
801550,3250,2421,829,0.745,Mostly Positive
267530,5850,5095,755,0.871,Very Positive
610180,3385,3216,169,0.95,Overwhelmingly Positive
690810,1058,529,529,0.5,Mixed
1061880,772,466,306,0.604,Mixed
1374840,3011,2180,831,0.724,Mostly Positive
213030,596,510,86,0.856,Very Positive
213850,4589,3793,796,0.827,Very Positive
6300,1213,1020,193,0.841,Very Positive
297020,3449,2563,886,0.743,Mostly Positive
1239080,12975,12479,496,0.962,Overwhelmingly Positive
339400,2460,2076,384,0.844,Very Positive
209060,657,548,109,0.834,Very Positive
312450,3139,2460,679,0.784,Mostly Positive
934780,3229,2415,814,0.748,Mostly Positive
298050,8123,6264,1859,0.771,Mostly Positive
354140,11123,10038,1085,0.902,Very Positive
374080,18,13,5,0.722,Mostly Positive
2173740,3,3,0,1.0,3 user reviews
918820,806,719,87,0.892,Very Positive
331480,2613,2330,283,0.892,Very Positive
383270,11203,10361,842,0.925,Very Positive
414580,374,128,246,0.342,Mostly Negative
33530,205,161,44,0.785,Mostly Positive
3168200,10,10,0,1.0,Positive
476620,9074,7450,1624,0.821,Very Positive
807120,8183,7009,1174,0.857,Very Positive
430210,2220,1595,625,0.718,Mostly Positive
843810,1810,1535,275,0.848,Very Positive
108200,5451,4664,787,0.856,Very Positive
233980,8140,7438,702,0.914,Very Positive
275200,1903,1740,163,0.914,Very Positive
31290,2340,2067,273,0.883,Very Positive
977880,16418,13792,2626,0.84,Very Positive
2069900,2031,1552,479,0.764,Mostly Positive
1863750,1735,1562,173,0.9,Very Positive
1179680,2531,1585,946,0.626,Mixed
1341820,4201,3807,394,0.906,Very Positive
292370,354,183,171,0.517,Mixed
317470,4272,3169,1103,0.742,Mostly Positive
327070,10548,7291,3257,0.691,Mixed
315430,4669,3704,965,0.793,Mostly Positive
22350,8117,5136,2981,0.633,Mixed
915810,7526,5763,1763,0.766,Mostly Positive
673610,8176,6809,1367,0.833,Very Positive
1485590,3812,2484,1328,0.652,Mixed
743390,4784,4567,217,0.955,Overwhelmingly Positive
267130,337,305,32,0.905,Very Positive
588210,4164,2309,1855,0.555,Mixed
1683370,78,67,11,0.859,Very Positive
231200,4399,3525,874,0.801,Very Positive
1257360,1601,1357,244,0.848,Very Positive
2269120,4,2,2,0.5,4 user reviews
1164940,18019,16748,1271,0.929,Very Positive
683900,2979,2715,264,0.911,Very Positive
3157850,39,25,14,0.641,Mixed
204530,3022,2829,193,0.936,Very Positive
1889040,3932,3772,160,0.959,Overwhelmingly Positive
387970,1191,603,588,0.506,Mixed
1470940,67,65,2,0.97,Very Positive
200940,5493,4923,570,0.896,Very Positive
577460,322,193,129,0.599,Mixed
508390,1005,758,247,0.754,Mostly Positive
315260,817,359,458,0.439,Mixed
427250,2458,2003,455,0.815,Very Positive
255420,4004,1819,2185,0.454,Mixed
1601580,25861,19405,6456,0.75,Mostly Positive
474750,8070,7023,1047,0.87,Very Positive
270450,3869,3574,295,0.924,Very Positive
1522870,4113,3955,158,0.962,Overwhelmingly Positive
861650,15648,13000,2648,0.831,Very Positive
22330,52394,49793,2601,0.95,Overwhelmingly Positive
750920,85781,72645,13136,0.847,Very Positive
285900,64744,55317,9427,0.854,Very Positive
436520,9022,5381,3641,0.596,Mixed
389570,12018,9735,2283,0.81,Very Positive
239030,78919,76790,2129,0.973,Overwhelmingly Positive
99900,24030,20120,3910,0.837,Very Positive
1277400,17008,14054,2954,0.826,Very Positive
236110,22075,17049,5026,0.772,Mostly Positive
312990,18240,17738,502,0.972,Overwhelmingly Positive
782330,214538,196049,18489,0.914,Very Positive
1222680,148250,124738,23512,0.841,Very Positive
880940,57036,50535,6501,0.886,Very Positive
12120,83033,76440,6593,0.921,Very Positive
815370,96707,82075,14632,0.849,Very Positive
1716740,173240,98475,74765,0.568,Mixed
224600,12626,9666,2960,0.766,Mostly Positive
493340,71701,65512,6189,0.914,Very Positive
613010,114,79,35,0.693,Mixed
1238840,219352,189549,29803,0.864,Very Positive
115300,39339,34996,4343,0.89,Very Positive
620980,75972,72570,3402,0.955,Overwhelmingly Positive
244850,133650,118803,14847,0.889,Very Positive
287700,106534,97929,8605,0.919,Very Positive
736590,20082,15494,4588,0.772,Mostly Positive
1366800,41477,38729,2748,0.934,Very Positive
224260,75887,68239,7648,0.899,Very Positive
241930,95727,88548,7179,0.925,Very Positive
1366540,90612,88358,2254,0.975,Overwhelmingly Positive
460930,104268,83061,21207,0.797,Mostly Positive
1371980,76947,61688,15259,0.802,Very Positive
588650,179998,174673,5325,0.97,Overwhelmingly Positive
394360,364942,329347,35595,0.902,Very Positive
698780,221043,213265,7778,0.965,Overwhelmingly Positive
493520,65665,55205,10460,0.841,Very Positive
365450,25901,24231,1670,0.936,Very Positive
1551360,272282,242680,29602,0.891,Very Positive
223710,83887,74508,9379,0.888,Very Positive
20920,89298,80339,8959,0.9,Very Positive
1289310,127304,124371,2933,0.977,Overwhelmingly Positive
13520,11474,9393,2081,0.819,Very Positive
1167630,130089,124660,5429,0.958,Overwhelmingly Positive
424840,115804,109729,6075,0.948,Very Positive
261570,59502,55899,3603,0.939,Very Positive
250900,391874,380890,10984,0.972,Overwhelmingly Positive
601150,162395,155941,6454,0.96,Overwhelmingly Positive
482730,11039,6582,4457,0.596,Mixed
203290,11016,8682,2334,0.788,Mostly Positive
437900,732,673,59,0.919,Very Positive
500,66666,64257,2409,0.964,Overwhelmingly Positive
252130,2659,2413,246,0.907,Very Positive
883710,210439,204212,6227,0.97,Overwhelmingly Positive
439190,6580,5810,770,0.883,Very Positive
439700,2564,1341,1223,0.523,Mixed
1811260,150562,85809,64753,0.57,Mixed
298110,69298,58706,10592,0.847,Very Positive
640820,34725,26964,7761,0.777,Mostly Positive
1128810,41076,32616,8460,0.794,Mostly Positive
245170,32060,28200,3860,0.88,Very Positive
812140,183634,163041,20593,0.888,Very Positive
233450,73320,65451,7869,0.893,Very Positive
581320,131874,111934,19940,0.849,Very Positive
1771300,181780,170980,10800,0.941,Very Positive
305620,121679,108396,13283,0.891,Very Positive
2630,11278,10559,719,0.936,Very Positive
1404210,68927,57268,11659,0.831,Very Positive
286570,7980,4794,3186,0.601,Mixed
438740,76996,61697,15299,0.801,Very Positive
2379780,191161,187126,4035,0.979,Overwhelmingly Positive
513710,123875,92050,31825,0.743,Mostly Positive
367500,48436,42823,5613,0.884,Very Positive
380,31442,30126,1316,0.958,Overwhelmingly Positive
268050,32807,27934,4873,0.851,Very Positive
952060,119132,99081,20051,0.832,Very Positive
585690,4444,3001,1443,0.675,Mixed
360,5450,4108,1342,0.754,Mostly Positive
50620,12811,11420,1391,0.891,Very Positive
2399830,104734,63118,41616,0.603,Mixed
1677740,135602,115260,20342,0.85,Very Positive
1446780,122245,101588,20657,0.831,Very Positive
209000,63473,56990,6483,0.898,Very Positive
232770,13737,12577,1160,0.916,Very Positive
1142710,142829,100478,42351,0.703,Mostly Positive
323580,8538,6589,1949,0.772,Mostly Positive
678950,75911,68656,7255,0.904,Very Positive
858820,23126,17685,5441,0.765,Mostly Positive
42700,42484,38652,3832,0.91,Very Positive
32370,33402,30436,2966,0.911,Very Positive
1313140,123526,118407,5119,0.959,Overwhelmingly Positive
1237970,279616,267318,12298,0.956,Overwhelmingly Positive
1049590,74262,54915,19347,0.739,Mostly Positive
674020,54551,29344,25207,0.538,Mixed
1222140,243185,234132,9053,0.963,Overwhelmingly Positive
630,21533,20426,1107,0.949,Very Positive
1056960,15605,6782,8823,0.435,Mixed
1557740,42816,40775,2041,0.952,Overwhelmingly Positive
274190,60524,58671,1853,0.969,Overwhelmingly Positive
620,459319,453368,5951,0.987,Overwhelmingly Positive
242920,43098,38967,4131,0.904,Very Positive
1222700,100265,88129,12136,0.879,Very Positive
379430,180731,152476,28255,0.844,Very Positive
976730,258247,237712,20535,0.92,Very Positive
240720,81321,66938,14383,0.823,Very Positive
221380,102547,98268,4279,0.958,Overwhelmingly Positive
508440,149647,146367,3280,0.978,Overwhelmingly Positive
1399780,13988,12128,1860,0.867,Very Positive
767560,29855,17933,11922,0.601,Mixed
8870,144374,134971,9403,0.935,Very Positive
270880,191051,185166,5885,0.969,Overwhelmingly Positive
397900,79595,47585,32010,0.598,Mixed
630100,13709,10845,2864,0.791,Mostly Positive
110800,36192,31077,5115,0.859,Very Positive
582660,92860,68393,24467,0.737,Mostly Positive
629520,100851,96815,4036,0.96,Overwhelmingly Positive
48700,170834,166941,3893,0.977,Overwhelmingly Positive
2709570,91830,86759,5071,0.945,Very Positive
1089350,60449,30115,30334,0.498,Mixed
524220,150698,131640,19058,0.874,Very Positive
203160,264825,254367,10458,0.961,Overwhelmingly Positive
1158310,139630,126315,13315,0.905,Very Positive
370910,3953,3637,316,0.92,Very Positive
113020,8522,7718,804,0.906,Very Positive
686810,146968,120236,26732,0.818,Very Positive
1057240,10657,4586,6071,0.43,Mixed
235460,87992,84505,3487,0.96,Overwhelmingly Positive
420,41386,40191,1195,0.971,Overwhelmingly Positive
761890,91277,71713,19564,0.786,Mostly Positive
637650,57049,47473,9576,0.832,Very Positive
613100,108578,102107,6471,0.94,Very Positive
284160,393333,383254,10079,0.974,Overwhelmingly Positive
554620,37736,35199,2537,0.933,Very Positive
1030830,36953,27289,9664,0.738,Mostly Positive
8980,31780,28513,3267,0.897,Very Positive
977950,80603,75839,4764,0.941,Very Positive
220240,128550,113634,14916,0.884,Very Positive
433340,153093,150014,3079,0.98,Overwhelmingly Positive
1361210,131983,93658,38325,0.71,Mostly Positive
844870,34051,20592,13459,0.605,Mixed
356190,114926,102142,12784,0.889,Very Positive
242050,77446,68481,8965,0.884,Very Positive
1604030,133430,118639,14791,0.889,Very Positive
1304930,101970,94588,7382,0.928,Very Positive
223470,133076,129044,4032,0.97,Overwhelmingly Positive
359320,105786,81841,23945,0.774,Mostly Positive
2551020,49618,45332,4286,0.914,Very Positive
632470,126461,117192,9269,0.927,Very Positive
611500,38802,28621,10181,0.738,Mostly Positive
242720,10639,7026,3613,0.66,Mixed
307690,76654,72060,4594,0.94,Very Positive
552520,185439,150268,35171,0.81,Very Positive
15620,13682,12010,1672,0.878,Very Positive
1903340,266125,253925,12200,0.954,Overwhelmingly Positive
302830,25229,14810,10419,0.587,Mixed
646570,213252,208070,5182,0.976,Overwhelmingly Positive
1904540,19803,17800,2003,0.899,Very Positive
355840,25325,13827,11498,0.546,Mixed
412020,131655,118457,13198,0.9,Very Positive
409720,29304,21018,8286,0.717,Mostly Positive
351940,7162,6325,837,0.883,Very Positive
380600,74431,64567,9864,0.867,Very Positive
1029690,29052,24291,4761,0.836,Very Positive
871720,62212,58984,3228,0.948,Very Positive
40800,37744,35608,2136,0.943,Very Positive
701160,38228,34503,3725,0.903,Very Positive
65930,12023,8433,3590,0.701,Mostly Positive
644560,84301,81247,3054,0.964,Overwhelmingly Positive
47870,19981,16506,3475,0.826,Very Positive
368500,32313,25875,6438,0.801,Very Positive
949230,88347,47937,40410,0.543,Mixed
1868140,150019,145142,4877,0.967,Overwhelmingly Positive
211820,122988,110823,12165,0.901,Very Positive
1943950,138537,125527,13010,0.906,Very Positive
2835570,118388,112867,5521,0.953,Overwhelmingly Positive
1184370,42750,35745,7005,0.836,Very Positive
278360,29153,26684,2469,0.915,Very Positive
1260320,76989,61405,15584,0.798,Mostly Positive
310950,44097,29974,14123,0.68,Mixed
1286830,73361,65719,7642,0.896,Very Positive
238460,72564,70532,2032,0.972,Overwhelmingly Positive
975370,31015,29412,1603,0.948,Very Positive
602960,85876,80719,5157,0.94,Very Positive
1217060,102929,95913,7016,0.932,Very Positive
788100,23529,20223,3306,0.859,Very Positive
363970,61999,55565,6434,0.896,Very Positive
1569040,21502,19905,1597,0.926,Very Positive
2881650,158932,149472,9460,0.94,Very Positive
1520470,27570,22594,4976,0.82,Very Positive
1824220,55751,44482,11269,0.798,Mostly Positive
12100,14814,12826,1988,0.866,Very Positive
244210,169310,157137,12173,0.928,Very Positive
466560,68204,58194,10010,0.853,Very Positive
212070,15144,10994,4150,0.726,Mostly Positive
234650,13597,12014,1583,0.884,Very Positive
232090,128689,113607,15082,0.883,Very Positive
427730,31618,25280,6338,0.8,Mostly Positive
813780,177770,168830,8940,0.95,Very Positive
285800,3205,2610,595,0.814,Very Positive
976310,113836,100186,13650,0.88,Very Positive
1942280,113621,109540,4081,0.964,Overwhelmingly Positive
407530,11799,7814,3985,0.662,Mixed
212500,22758,18512,4246,0.813,Very Positive
700330,230260,209820,20440,0.911,Very Positive
374320,434951,410347,24604,0.943,Very Positive
307780,59459,51193,8266,0.861,Very Positive
33930,22220,20541,1679,0.924,Very Positive
213670,72440,70673,1767,0.976,Overwhelmingly Positive
485510,38292,30311,7981,0.792,Mostly Positive
365670,86652,83236,3416,0.961,Overwhelmingly Positive
233860,111918,106983,4935,0.956,Overwhelmingly Positive
275390,7024,6490,534,0.924,Very Positive
466240,92480,73105,19375,0.79,Mostly Positive
1363080,87068,73505,13563,0.844,Very Positive
594570,121326,112829,8497,0.93,Very Positive
4560,7225,6743,482,0.933,Very Positive
1284210,27675,24445,3230,0.883,Very Positive
645630,52869,48319,4550,0.914,Very Positive
606150,21703,17828,3875,0.821,Very Positive
368230,22588,20476,2112,0.906,Very Positive
212160,7971,5344,2627,0.67,Mixed
1057090,144058,139073,4985,0.965,Overwhelmingly Positive
534380,213106,168624,44482,0.791,Mostly Positive
24240,40791,38070,2721,0.933,Very Positive
17390,71223,65936,5287,0.926,Very Positive
1100600,31668,28274,3394,0.893,Very Positive
40,3282,2730,552,0.832,Very Positive
201810,60942,55886,5056,0.917,Very Positive
221910,45487,42056,3431,0.925,Very Positive
355180,16487,13981,2506,0.848,Very Positive
72850,317606,301073,16533,0.948,Very Positive
208090,39115,34063,5052,0.871,Very Positive
1818750,116652,88795,27857,0.761,Mostly Positive
219150,122050,118391,3659,0.97,Overwhelmingly Positive
55150,32759,30032,2727,0.917,Very Positive
22370,55468,45267,10201,0.816,Very Positive
550900,14453,10136,4317,0.701,Mostly Positive
2050650,249633,242793,6840,0.973,Overwhelmingly Positive
236850,136359,119460,16899,0.876,Very Positive
335240,28621,25196,3425,0.88,Very Positive
683320,94453,90751,3702,0.961,Overwhelmingly Positive
204360,137136,131897,5239,0.962,Overwhelmingly Positive
265590,2555,1802,753,0.705,Mostly Positive
282140,51019,48916,2103,0.959,Overwhelmingly Positive
1145360,303236,297320,5916,0.98,Overwhelmingly Positive
236870,37167,30953,6214,0.833,Very Positive
1274570,87335,79103,8232,0.906,Very Positive
6860,15617,14693,924,0.941,Very Positive
346900,60103,52659,7444,0.876,Very Positive
259080,14633,13397,1236,0.916,Very Positive
629760,113081,90452,22629,0.8,Mostly Positive
22380,257157,246859,10298,0.96,Overwhelmingly Positive
