steam_id,name,release_date,developer,publisher,price_usd,is_free,genres,achievements,languages_count
2059530,Dawn of Defiance,"Aug 15, 2024",Traega Entertainment,Fireshine Games,19.99,False,"Action, Adventure, Early Access",0,1
2734450,Folie Fatale,"May 30, 2024",Kanmidoko (神海処),346lab Localization,5.99,False,"Adventure, Indie, Simulation",0,2
365050,Escape,"Apr 20, 2015",Stephane Bottin,Stephane Bottin,0.0,True,"Free To Play, Indie, Strategy",0,1
2705100,breakfive,"Jan 8, 2024","Nanjing Baiku Network Technology Co., Ltd","Nanjing Baiku Network Technology Co., Ltd",0.0,False,"Adventure, Casual, Indie, RPG",0,1
1116580,Shady Part of Me,"Dec 10, 2020",Douze Dixièmes,Focus Entertainment,2.24,False,Indie,16,12
860960,N1L (No1Lives),"Oct 16, 2021","Ken Henson, Tom Motz","Ken Henson, Tom Motz",0.0,True,"Action, Adventure, Indie, Massively Multiplayer, Racing",0,1
3290830,Faith Of Life _ Survive Edition,"Nov 26, 2024",Faith Studio Team,Faith Studio,4.99,False,"Action, Adventure, Indie, RPG, Strategy",7,6
791950,Hiking Simulator 2018,"Dec 30, 2018",Shoho Games,Shoho Games,0.77,False,"Adventure, Casual, Indie, Simulation",25,1
1419850,Saleblazers,"Sep 29, 2023",AIRSTRAFE INTERACTIVE,AIRSTRAFE INTERACTIVE,13.49,False,"Action, Adventure, Casual, Indie, RPG, Simulation, Early Access",43,23
1487320,Astro Sentai Jarbonder,"Dec 14, 2020",ipei_retland,ipei_retland,0.0,True,"Action, Free To Play, Indie",0,1
2451470,The Order of the Snake Scale,"Mar 13, 2024","FM Simple Games Studio, Sons of Welder, Acid Arrow Studio","FM Simple Games Studio, Sons of Welder",4.49,False,"Action, Adventure, Indie",10,2
1405790,John Wick Hex,"Dec 4, 2020",Bithell Games,Big Fan Games,0.0,False,"Action, Strategy",31,8
227380,Dragon's Lair,"May 17, 2013",Digital Leisure Inc.,Digital Leisure Inc.,9.99,False,"Action, Adventure, Casual",12,5
1068640,Village Feud,"Jun 21, 2019",Veelhoek Studios,Veelhoek Studios,3.99,False,"Action, Indie, Strategy",6,1
1376790,Pyramid Runner,"Jun 18, 2024",Kuzmin Nikolay,Kuzmin Nikolay,8.99,False,"Action, Casual, Indie",2,3
695600,This Grand Life,"Apr 17, 2018",Poking Water Games,Poking Water Games,11.99,False,"Indie, RPG, Simulation",24,1
1037930,Era of Miracles,"Oct 2, 2019",Argentum Gaming,Argentum Gaming,1.49,False,"Adventure, RPG",0,103
391740,Blaster Shooter GunGuy!,"Aug 10, 2015",Adam DeLease,Adam DeLease,1.99,False,"Action, Adventure, Indie",0,1
676770,Island Dash,"Aug 30, 2017","Flo Knödl, Johannes Fischer, Michael Hütter, Christoph Müller, Simon Eberl, Thomas Kern, Lukas Schönwiese",Flo Knödl,0.0,True,"Adventure, Casual, Free To Play, Indie",1,1
618620,Naval Armada: Fleet Battle,"Jan 14, 2020",XDEVS LTD,XDEVS LTD,0.0,True,"Action, Casual, Massively Multiplayer, Simulation, Free To Play",0,10
1828010,Deadly Nightmare,"Feb 9, 2022",Electrical Eagle Studio LTD,Electrical Eagle Studio LTD,4.99,False,"Action, Adventure, Casual, Indie",0,11
235980,Tetrobot and Co.,"Oct 22, 2013",Swing Swing Submarine,Swing Swing Submarine,9.99,False,"Casual, Indie",30,7
3134130,The Curse of the Demon Tree,"Feb 13, 2025",Penny Ghost Studios LLC,Penny Ghost Studios LLC,0.99,False,RPG,0,1
1717250,Ratten Reich,"Jul 15, 2025",METALLADLERSTUDIO,METALLADLERSTUDIO,19.99,False,"Indie, Strategy",16,7
1111370,A Summer's End - Hong Kong 1986,"Apr 23, 2020",Oracle and Bone,Oracle and Bone,14.99,False,"Casual, Indie",0,4
1725950,魔塔地牢,"Sep 14, 2021",Zeros,Zeros,2.99,False,"Adventure, Indie, RPG, Strategy",38,1
1021770, Wanba Warriors,"Mar 25, 2020",Wanba Studio,"Wanba Studio, Wave Games",1.49,False,"Action, Indie",0,29
2285630,Survivors of the Dawn,"Nov 6, 2023",indieGiant,indieGiant,7.99,False,"Action, Casual, Indie, RPG, Early Access",84,13
204220,Snapshot,"Aug 30, 2012",Retro Affect,Retro Affect,9.99,False,"Adventure, Casual, Indie",36,1
1958600,Barro F22,"Apr 25, 2022",SC Jogos,SC Jogos,0.49,False,"Casual, Indie, Racing",21,102
565030,Blueshift,"Dec 21, 2016","Zach Tsiakalis-Brown, Raul Bravo",Zulubo Productions,0.0,True,"Casual, Free To Play, Indie, Racing, Simulation, Early Access",0,1
388050,Snik,"Sep 4, 2015",Cleverweek,Cleverweek,2.99,False,"Casual, Indie",24,1
1382200,Liquidators,"Sep 30, 2020",Gray Unit,"Gray Unit, Juggernaut Entertainment",0.0,True,"Adventure, Indie, Simulation, Free To Play",0,1
313780,Conarium,"Jun 6, 2017",Stormling Studios,Iceberg Interactive,19.99,False,"Adventure, Indie",26,10
1573750,100 hidden mushrooms,"Mar 23, 2021","Anatoliy Loginovskikh, Catherine Svyataya",Anatoliy Loginovskikh,0.99,False,"Adventure, Casual, Indie",100,1
606730,Sine Mora EX,"Aug 8, 2017","Digital Reality, Grasshopper Manufacture, Gyroscope Games",HandyGames,9.99,False,Action,12,9
345820,Shantae and the Pirate's Curse,"Apr 23, 2015",WayForward,WayForward,19.99,False,"Action, Adventure, Indie, RPG",44,5
1320950,The Swine,"Jun 18, 2020",Vincent Lade,Vincent Lade,1.99,False,"Action, Casual, Indie",5,1
517130,Soundboxing,"Sep 29, 2016",Maxint LLC,Maxint LLC,15.99,False,Indie,0,1
419460,"That Dragon, Cancer","Jan 11, 2016",Numinous Games,Numinous Games,9.99,False,"Adventure, Indie",0,1
1725440,House of Rules,"Dec 17, 2021",Chii the Cat,Chii the Cat,7.99,False,"Adventure, Indie",40,2
408740,Pro Gamer Manager,"Apr 28, 2016",Raptor Claw Games,501 Industries,9.99,False,"Casual, Indie, Simulation, Sports",0,1
2688890,UFO: Henfield,"Jan 25, 2024",TACS Games Ltd.,TACS Games Ltd.,8.99,False,"Adventure, Casual, Indie",17,1
762670,Astro Joust,"Mar 28, 2018",Mutant Entertainment Studios,Mutant Entertainment Studios,0.54,False,Action,27,12
1153130,Wurroom,"Nov 8, 2019",Michael Rfdshir,Michael Rfdshir,0.0,True,"Adventure, Casual, Indie, Free To Play",7,1
844960,Pro 11 - Football Manager Game,"Feb 13, 2020",Trophy Games ApS,Trophy Games ApS,0.0,True,"Free To Play, Simulation, Sports, Strategy",0,18
1471040,Base One,"May 11, 2021",PixFroze,"Blowfish Studios, Gamera Games",24.99,False,Simulation,30,7
1692240,Fortune's Run,"Sep 27, 2023",Team Fortune,Team Fortune,19.99,False,"Action, Indie, Early Access",0,1
731620,Hide Or Die,"May 1, 2020",VecFour Digital,VecFour Digital,0.0,False,"Action, Casual",20,16
2140170,Sinned,"Jul 28, 2023",xDenny,xDenny,4.99,False,"Action, Indie",17,1
260250,Blood of the Werewolf,"Oct 28, 2013",Scientifically Proven,Ziggurat,4.99,False,"Action, Indie",125,1
1078760,Motorcycle Mechanic Simulator 2021,"Nov 17, 2021",Play2Chill S.A.,"PlayWay S.A., Play2Chill S.A.",19.99,False,"Casual, Indie, Racing, Simulation",30,14
1438440,Aurora: A Child's Journey,"Nov 20, 2020",Luski Game Studio,Prothos,0.0,True,"Action, Adventure, Free To Play, Indie",4,2
351250,Avalanche 2: Super Avalanche,"Jun 11, 2015",Beast Games,Midnight City,4.99,False,"Action, Indie",22,1
1515930,Wild Workshop,"Jan 28, 2021","PRIMATE GAMES CO., LTD.","PRIMATE GAMES CO., LTD.",0.0,False,"Casual, Indie, RPG, Simulation",0,3
2093680,Celadon,"Sep 12, 2022",Karpopper,Karpopper,4.99,False,Indie,0,1
1469160,Wartune Reborn,"Feb 26, 2021",7Road,7Road,0.0,True,"Adventure, Casual, Free To Play, Massively Multiplayer, RPG, Strategy",0,1
497050,Shape Shifter,"Jul 7, 2016",PRORTUS,Back To Basics Gaming,1.99,False,"Casual, Indie",0,1
1286220,Sea Power : Naval Combat in the Missile Age,"Nov 12, 2024",Triassic Games,MicroProse Software,39.99,False,"Action, Simulation, Strategy, Early Access",0,4
57400,Batman: Arkham City,"Nov 15, 2011",Rocksteady Studios,Warner Bros. Interactive Entertainment,0.0,False,"Action, Adventure",64,8
513320,ALICE VR,"Oct 27, 2016",Carbon Studio,Klabater,0.79,False,"Adventure, Indie",34,8
1841220,The Devils - A Visual Novel Of WWII,"Dec 23, 2021",William Volk,Deep State Games,1.99,False,"Action, Adventure",0,1
1269550,KillSteel,"Apr 17, 2020",Time To Kill,Time To Kill,0.0,True,"Action, Casual, Free To Play, Indie",0,1
33770,Drakensang: The River of Time,"Feb 16, 2011",DTP,Cosmi/ValuSoft,19.99,False,RPG,0,1
785890,Hexologic,"May 29, 2018",MythicOwl,MythicOwl,4.99,False,"Casual, Indie, Strategy",11,27
485690,Hope Lake,"Jun 3, 2016","Far Mills, Mysterytag",RunServer,7.99,False,"Adventure, Casual, Indie",30,5
268810,Paranormal State: Poison Spring,"Apr 9, 2014",Teyon,Legacy Games,0.0,False,"Adventure, Casual, Indie",20,7
2063050,TVs: The Awakening,"Jul 28, 2022","Mizrab, Capital Digital",Mizrab,0.0,True,"Action, Adventure, Indie, Free To Play",0,1
1250940,Demon Blast,"Apr 20, 2020",Start Warp,Start Warp,14.99,False,"Action, Adventure, Indie, Early Access",0,2
452710,Realities,"Apr 5, 2016",realities.io,realities.io,0.0,True,"Adventure, Free To Play, Simulation",0,1
582810,Awesome Metal Detecting,"May 1, 2017","Nikita Markin, Artem Basko",Nikita Markin,9.99,False,"Action, Indie, Simulation",5,4
904360,Family Man,"May 22, 2020",Broken Bear Games,No More Robots,19.99,False,"Adventure, RPG",32,5
1273260,Corpse Party (2021),"Oct 20, 2021",MAGES.,"XSEED Games, Marvelous USA, Inc.",19.99,False,"Adventure, RPG",33,3
609110,Blazing Chrome,"Jul 11, 2019",JoyMasher,"The Arcade Crew, CE-Asia",16.99,False,"Action, Indie",39,11
1559680,Amazing Frog? 2,"Jun 16, 2022",Fayju,Fayju,19.99,False,"Action, Adventure, Indie, Simulation, Early Access",0,1
2634890,MARVEL vs. CAPCOM Fighting Collection: Arcade Classics,"Sep 11, 2024","CAPCOM Co., Ltd.","CAPCOM Co., Ltd.",49.99,False,Action,40,14
480480,Slash or Die,"Jun 3, 2016",ClickGames,ClickGames,4.99,False,"Action, Indie",10,2
1352330,Zoo 2: Animal Park,"Aug 24, 2020",KING Art,upjers,0.0,True,"Casual, Simulation, Free To Play",12,19
1659090,REMEDIUM,"Sep 14, 2023",Sobaka Studio,ESDigital Games,17.99,False,"Action, Adventure, Indie, RPG, Early Access",26,13
345860,Super Galaxy Squadron EX Turbo,"Jan 23, 2015",Synset,New Blood Interactive,9.99,False,"Action, Indie",13,1
444160,Bonsai,"Feb 18, 2016",Rooted Concepts,Rooted Concepts,0.99,False,"Casual, Indie, Simulation",11,1
1839940,Dakar Desert Rally,"Oct 4, 2022",Saber Porto Ltd.,Saber Interactive,29.99,False,Racing,55,7
1011300,UNI,"Mar 31, 2019",Game Museum,Game Museum,4.99,False,"Action, Casual, Indie",0,3
369110,The Swindle,"Jul 28, 2015",Size Five Games,Size Five Games,14.99,False,"Action, Indie, RPG",15,1
441830,I am Setsuna,"Jul 19, 2016",Tokyo RPG Factory,Square Enix,39.99,False,RPG,50,3
1056350,Wizard Warfare,"Dec 13, 2019",Psyanotek Limited,Psyanotek Limited,6.99,False,"Indie, Strategy",39,1
809540,Mechs V Kaijus - Tower Defense,"Feb 17, 2022",Doble Punch Games,Doble Punch Games,12.99,False,"Action, Indie, Strategy",73,9
466840,Super Space Pug,"Jun 4, 2016",Digital Dawn Studios,Back To Basics Gaming,1.99,False,"Action, Casual, Indie",0,1
384150,TeraBlaster,"Jul 10, 2015",Black Shell Games,,0.0,True,"Action, Casual, Indie",0,1
915670,Everreach: Project Eden,"Dec 4, 2019",Elder Games,"Headup, Beep Japan",2.49,False,"Action, Indie, RPG",10,5
1694420,Card Survival: Tropical Island,"Sep 16, 2022",WinterSpring Games,WinterSpring Games,24.99,False,"Adventure, Indie, Simulation, Strategy",54,11
365580,Beeswing,"May 8, 2015",J. King-Spooner,erm...,4.99,False,Indie,0,1
1276850,Kane's Shadow,"Apr 22, 2020",Plush Productions LLC,Plush Productions LLC,0.0,True,"Casual, Indie",0,1
984800,Automachef,"Jul 23, 2019",Rhombico Games,Team17 Digital Ltd,14.99,False,"Indie, Simulation",11,7
307050,Shan Gui (山桂),"Aug 19, 2014",Magenta Factory,Ju Cai,0.99,False,"Adventure, Casual, Indie",8,9
42850,Arsenal of Democracy: A Hearts of Iron Game,"Feb 23, 2010",BL-Logic,Paradox Interactive,9.99,False,Strategy,0,1
1444170,DOGMAN,"Nov 5, 2020",Daniel George,Daniel George,2.99,False,Indie,0,1
1493760,Youtubers Life 2,"Oct 19, 2021",UPLAY Online,UPLAY Online,19.99,False,"Adventure, Casual, Indie, Simulation, Strategy",20,13
1687280,Starfighter Aces,"Sep 15, 2021",Adlai Glass,Adlai Glass,4.99,False,"Action, Casual, Indie",0,1
370710,Last Heroes,"Nov 13, 2015",Warfare Studios,Aldorlea Games,0.79,False,"Adventure, Casual, Indie, RPG",0,1
1456230,Cthulhu: Death Escape / 克苏鲁:死亡逃脱 Prototype,"Jan 15, 2022",Darktree Game Studio,Darktree Game Studio,0.0,True,"Action, Adventure, Indie, Simulation, Free To Play",4,2
3600,Escape Rosecliff Island,"Apr 15, 2009",SpinTop Games,Electronic Arts,4.99,False,Casual,0,1
355070,TDP5 Arena 3D,"Mar 26, 2015",Javelin OÜ,Javelin OÜ,0.0,True,"Action, Free To Play, Massively Multiplayer",0,2
1453600,Night Reverie: Prologue,"Nov 25, 2020",Somber Pixel,"Somber Pixel, indienova",0.0,True,"Adventure, Casual, Indie, Free To Play",6,6
474910,The Mahjong Huntress,"May 25, 2016",Nawia Games,Forever Entertainment S. A.,4.99,False,"Adventure, Indie, Strategy",16,1
896160,Evil Bank Manager,"Dec 7, 2018",Hamsters Gaming,Hamsters Gaming,11.99,False,"Indie, Simulation, Strategy",57,11
764920,Fear the Night - 恐惧之夜,"Jul 17, 2019",Snail Games USA,Snail Games USA,14.99,False,"Action, Adventure, Massively Multiplayer, RPG, Simulation",0,2
1500390,Happy Bones,"Apr 15, 2021",Frosted Fears Game Studios,Frosted Fears Game Studios,3.99,False,"Indie, RPG",31,1
2073540,Night Gate,"May 18, 2023",DangerousBob Studio LLC,DangerousBob Studio LLC,0.0,False,"Action, Adventure, Indie, RPG",21,1
1273250,Breakpoint,"Sep 24, 2020",Studio Aesthesia,The Quantum Astrophysicists Guild,1.09,False,"Action, Casual, Indie",27,15
987020,DRONE The Game,"Dec 17, 2018",Five Studios Interactive,Five Studios Interactive,0.0,False,"Action, Indie, Racing, Simulation, Sports, Early Access",0,1
1941340,Cool People Club,"Nov 30, 2022",Cool Turtle Games,Cool Turtle Games,0.0,True,Adventure,27,1
564980,Killer Klownz,"Dec 5, 2016",Peter Labick,My Way Games,4.99,False,"Action, Adventure, Simulation",0,1
1337970,CatTuber,"Sep 9, 2022",MMmmmoko,MMmmmoko,4.99,False,"Animation & Modeling, Utilities, Video Production, Early Access",0,2
259060,Dominions 4: Thrones of Ascension,"Dec 5, 2013",Illwinter Game Design,Illwinter Game Design,34.99,False,"Indie, Strategy",0,1
1879030,Return the Backrooms,"Nov 10, 2022",Skmaestro,Skmaestro,3.99,False,"Adventure, Indie, Early Access",10,6
441010,Mount Your Friends 3D: A Hard Man is Good to Climb,"Feb 23, 2018",Stegersaurus Software Inc.,Stegersaurus Software Inc.,6.99,False,"Action, Indie, Simulation, Sports",9,1
862480,The Spiral Scouts,"Jul 12, 2018",Cantaloupe Kids,Cantaloupe Kids,9.99,False,"Adventure, Indie",32,1
1449920,GRUNND,"Jan 26, 2023",SEKTAHOUSE,"SEKTAHOUSE, Bright Gambit",7.99,False,"Adventure, Indie, RPG",0,1
1390010,pyramida,"Aug 14, 2020",Sokpop Collective,Sokpop Collective,1.49,False,"Indie, Strategy",12,1
3177340,Tower of Madness,"Oct 26, 2024",J6 Games,J6 Games,2.99,False,"Adventure, Casual, Indie",17,6
830820,Jets'n'Guns 2,"Jul 24, 2020",Rake in Grass,Rake in Grass,15.99,False,"Action, Indie",40,1
504770,Slavistan,"Jul 29, 2016",Free Candy Games,Conglomerate 5,2.99,False,"Action, Indie, Simulation",0,1
2370,Hexen: Deathkings of the Dark Citadel,"Aug 3, 2007",Raven Software,id Software,0.0,False,Action,0,1
259810,Home Sheep Home: Farmageddon Party Edition,"Feb 17, 2014","Aardman Animations, Mobile Pie, Black Smoke Studios","Greenlight Games, Black Smoke Studios",9.99,False,"Action, Adventure, Casual, Indie",56,6
1335560,UNREAL LIFE,"Nov 19, 2020","hako life, hako 生活","room6, yokaze",19.99,False,"Adventure, Indie",64,9
2780710,Asgard's Fall — Viking Survivors,"Apr 9, 2025",Soulpotion,"Assemble Entertainment, Sidekick Publishing",6.99,False,"Action, Adventure, Casual, Indie, RPG, Strategy, Early Access",19,13
1951220,道衍诀,"May 8, 2024",宁德动游网络科技有限公司,宁德动游网络科技有限公司,11.99,False,"Action, Adventure, Indie, RPG, Simulation, Strategy, Early Access",0,1
449710,REDCON,"Apr 22, 2016",Hexage,Hexage,14.99,False,"Indie, Simulation, Strategy",5,9
255920,The 7th Guest,"Oct 18, 2013",Trilobyte Games,Nightdive Studios,0.0,False,Adventure,0,1
200990,Geneforge 3,"Apr 1, 2005",Spiderweb Software,Spiderweb Software,9.99,False,"Strategy, RPG, Indie",0,1
610780,Crazy Buggy Racing,"Apr 12, 2017",VGstudio,VGstudio,4.99,False,"Action, Racing, Simulation, Sports",0,1
35010,Batman: Arkham Asylum Game of the Year Edition,"Mar 26, 2010",Rocksteady Studios,WB Games,19.99,False,"Action, Adventure",47,5
2362740,POOSTALL Royale,"Apr 1, 2023",RWS C Team,Running With Scissors,0.0,True,"Action, Free To Play",0,1
240970,Half Minute Hero: The Second Coming,"Apr 4, 2014",Opus,Marvelous,9.99,False,"Action, Indie, RPG",32,2
39640,AquaNox 2: Revelation,"Apr 20, 2010",Massive Development,THQ Nordic,1.09,False,Action,0,3
2494370,Stories One,"Sep 4, 2023",Gabsee,Gabsee,0.0,True,"Action, Indie, Free To Play, Early Access",0,1
364300,Space Rogue,"Sep 15, 2016",Red Beat,Red Beat,9.99,False,"Indie, Simulation, Strategy",32,3
1103100,1000 days to escape,"Jul 25, 2019",Lemon Squeezy,Lemon Squeezy,2.49,False,"Casual, Indie",42,7
597230,Shotgun Legend,"Jan 15, 2018",Jonathan Tindell,Wastebasket Games,0.99,False,"Action, Indie, RPG",35,1
3272140,Diddy,"Jan 17, 2025",GalaxyVerse,GalaxyVerse,7.99,False,"Action, Adventure, Indie, Simulation",0,10
1448230,Avalom: Ancestral Heroes,"Sep 13, 2021",WAGNER ROCHA,WKM-STUDIO,17.99,False,"Adventure, RPG",35,6
292230,Game Character Hub,"May 23, 2014",Sebastien Bini,KOMODO,14.99,False,"Design & Illustration, Utilities",0,2
2129470,Knights of Pen and Paper 3,"Mar 7, 2023",Kyy Games,,0.0,False,"Adventure, RPG, Strategy",26,1
395380,ANKI,"Aug 24, 2015",Wojciech Krupinski,KrupinskiArt,0.99,False,"Action, Adventure, Casual, Indie",0,1
376920,Tiki Man,"Jun 5, 2015",Anarchy Enterprises,Anarchy Enterprises,2.99,False,"Action, Casual, Indie",0,1
416060,Westboro,"Apr 27, 2017",Chernov Vyacheslav,,3.99,False,"Action, Adventure, Indie, RPG",17,5
1233070,Isles of Sea and Sky,"May 22, 2024",Cicada Games,"Cicada Games, Gamirror Games",19.99,False,"Adventure, Indie",21,15
1369800,Spaceslingers,"Nov 17, 2020",RefresherTowel Games,RefresherTowel Games,1.99,False,"Action, Casual, Indie, Simulation",7,1
2458560,Zoochosis,"Sep 30, 2024",Clapperheads,"Clapperheads, Storymode",11.99,False,Simulation,21,15
1566500,Strife: The Expanse,"May 14, 2021",Falling Ash Games,Falling Ash Games,1.99,False,"Casual, Indie, Strategy",57,1
1398100,Orwell's Animal Farm,"Dec 10, 2020",Nerial,The Dairymen,9.99,False,"Adventure, Indie",5,5
2303300,Real Zombie War Simulator,"Feb 16, 2023","Yusuf Islam Seyhan, Samet Acar",Inspector Studios,0.99,False,"Action, Adventure, Indie, RPG, Simulation",0,26
2971610,HOLE,"Nov 28, 2024",NEGAFISH,NEGAFISH,4.99,False,"Action, Indie",0,4
1931180,Lost Skies,"Sep 17, 2025",Bossa Studios,Balor Games,24.99,False,"Action, Adventure",10,10
597700,OVIVO,"May 12, 2017",IzHard,IzHard,9.99,False,"Action, Adventure, Indie",31,29
116100,Super Toy Cars,"Jun 6, 2014",Eclipse Games,Eclipse Games,9.99,False,"Indie, Racing",26,2
269890,AR-K,"Jul 21, 2014",GATO STUDIO,GATO STUDIO,7.99,False,"Adventure, Indie",12,2
3337200,Bodycam:Adrenaline,"Apr 24, 2025",Rocket Game,Rocket Game,9.99,False,"Action, Adventure, Indie",0,23
2776450,Multiverse Loot Hunter,"Aug 15, 2025",游戏养家工作室,游戏养家工作室,10.79,False,"Adventure, Casual, Indie, RPG, Simulation, Strategy",216,2
1101790,War Mongrels,"Oct 19, 2021",Destructive Creations,"Destructive Creations, DMM Games - Asia",44.99,False,"Action, Adventure, Strategy",59,13
340730,Sunrider Academy,"Apr 15, 2015",Love in Space,Sekai Project,9.99,False,"Casual, Indie, Simulation",20,1
201000,Geneforge 4: Rebellion,"Nov 1, 2006",Spiderweb Software,Spiderweb Software,9.99,False,"Strategy, RPG, Indie",0,1
457860,Apollo 11 VR,"Apr 1, 2016",Immersive VR Education Ltd.,Immersive VR Education Ltd.,9.69,False,"Adventure, Simulation",0,1
334190,Insanity's Blade,"Dec 4, 2014",Causal Bit Games Inc.,Monster Bath Studios Inc.,1.49,False,"Action, Casual, Indie",34,1
2168200,NervBox,"Apr 10, 2023",Quantum Lion Labs,Quantum Lion Labs,14.99,False,"Action, Indie, Simulation, Early Access",0,1
448850,Overload,"May 31, 2018","Revival Productions, LLC","Revival Productions, LLC",29.99,False,Action,50,5
1547670,A Day Out,"Jun 27, 2024","KevTheDev, gamesbychris",KevTheDev,4.99,False,"Action, Adventure, Indie",25,1
399890,The Secret Order 2: Masked Intent,"Nov 5, 2015",Sunward Games,Artifex Mundi,14.99,False,"Adventure, Casual",24,11
2719940,The Bonerooms,"Oct 30, 2024",Jasozz Games,Jasozz Games,0.0,True,"Action, Casual, Indie, Free To Play",0,1
704920,Magic Rampage,"May 24, 2022",Asantee Games,Asantee Games,0.0,True,"Action, Adventure, Indie, RPG",88,11
1647390,Dexter Stardust : Adventures in Outer Space,"Mar 2, 2022",Dexter Team Games,Dexter Team Games,9.99,False,"Adventure, Casual, Indie",25,2
457960,Holopoint,"Apr 4, 2016","Alzan Studios, LLC","Alzan Studios, LLC",10.99,False,"Action, Indie, Simulation, Sports",14,1
339350,Choice of Robots,"Dec 19, 2014",Choice of Games,Choice of Games,6.99,False,"Indie, RPG",72,1
747920,Hero Plus,"Jan 22, 2018",MGAME Corporation,Netgame Inc,0.0,True,"Free To Play, Massively Multiplayer",0,1
434820,Brushwood Buddies,"Feb 17, 2016",Steven Colling,Steven Colling,2.99,False,"Casual, Indie",13,6
369040,Yargis - Space Melee,"Jun 30, 2015",PlazSoft,PlazSoft,2.99,False,"Action, Adventure, Casual, Indie, Simulation, Strategy",9,1
341950,Lux Delux,"May 1, 2015",Sillysoft Games,Sillysoft Games,3.39,False,"Indie, Strategy",27,20
1611410,Stardom 3,"Mar 30, 2022",SOFTSTAR ENTERTAINMENT,SOFTSTAR ENTERTAINMENT,12.99,False,"Casual, Simulation",0,2
810660,The Office Quest,"May 24, 2018",11Sheep,11Sheep,5.99,False,"Adventure, Indie",17,11
782660,Modern Tanks: War Tank Games,"Feb 26, 2018",XDEVS LTD,XDEVS LTD,0.0,True,"Action, Massively Multiplayer, Racing, Simulation, Free To Play",0,9
269170,Sports Bar VR,"Jun 1, 2016","Cherry Pop Games, Perilous Orbit",Perilous Orbit,19.99,False,"Casual, Indie, Simulation, Sports, Strategy",8,1
2687970,TRIBES 3: Rivals,"Mar 12, 2024",Prophecy Games,Prophecy Games,19.99,False,"Action, Early Access",0,10
1982360,The Bird's Realm 3,"May 19, 2022",BlueFireArts,BlueFireArts_Dev,0.99,False,Casual,0,1
1420300,No More Heroes 2: Desperate Struggle,"Jun 9, 2021",GRASSHOPPER MANUFACTURE INC.,"XSEED Games, Marvelous USA, Inc., Marvelous Europe",9.99,False,Action,22,8
1619220,Sprite Fantasia,"Oct 18, 2021","X-Legend Entertainment Co., Ltd.","X-Legend Entertainment Co., Ltd.",0.0,True,"Action, Adventure, Free To Play, Massively Multiplayer, RPG",0,6
1390380,Wolf's Gang,"Aug 20, 2020",Caz,KOMODO,0.0,True,"RPG, Free To Play",0,1
767390,Dakar 18,"Sep 25, 2018",Bigmoon Entertainment,"Bigmoon Entertainment, Ravenscourt",29.99,False,"Adventure, Racing, Simulation, Sports",54,6
2162680,Doom Sweeper,"Jun 8, 2024",Paper Dog,Paper Dog,4.99,False,"Casual, Indie, RPG, Strategy",176,5
458770,WRC 6 FIA World Rally Championship,"Oct 7, 2016",KT Racing,Nacon,14.99,False,Racing,41,8
262960,Castle In The Darkness,"Feb 5, 2015","Matt Kap, Nicalis, Inc.","Nicalis, Inc.",9.99,False,"Action, Adventure, Indie, RPG",11,1
545030,NSFW ~ Not a Simulator For Working,"Oct 28, 2016",GameChanger Studio,GameChanger Studio,2.99,False,"Casual, Indie, Simulation",21,1
415030,One More Dungeon,"Nov 23, 2015",Stately Snail,Stately Snail,4.99,False,"Action, Indie, RPG",15,2
990260,Collapse: A Political Simulator,"Feb 23, 2021",Nostalgames,Nostalgames,6.99,False,"Indie, Simulation, Strategy",96,2
555260,The Butterfly Sign: Human Error,"Mar 16, 2017",Quantum Phoenix Bucharest,Quantum Phoenix Bucharest,4.99,False,"Action, Adventure, Indie",89,3
428100,Beyond Reality,"Jan 8, 2016",EternalShadow Studios,Aldorlea Games,0.79,False,"Action, Adventure, Casual, Indie, RPG, Strategy",24,1
2498580,接触: 第一章(The Encounter: Chapter One),"Sep 6, 2023",红门游戏工作室(RedDoorStudio),红门游戏工作室(RedDoorStudio),2.99,False,"Action, Adventure, Indie, RPG",0,7
1980530,Kiwi Clicker - Juiced Up,"Jul 29, 2022",Dimitri Kipper,Dimitri Kipper,4.99,False,"Action, Casual, Indie, Simulation, Strategy",71,8
444720,Inexistence,"Apr 18, 2016",Jonathan BRASSAUD,Jonathan BRASSAUD,2.99,False,"Action, Adventure, Indie, RPG",10,4
533820,Atonement 2: Ruptured by Despair,"Oct 18, 2016",Astronomic Games,New Reality Games,5.99,False,RPG,47,1
722230,L.A. Noire: The VR Case Files,"Dec 15, 2017",Rockstar Games,Rockstar Games,14.99,False,"Action, Adventure",20,8
3240760,Lock Down,"Nov 26, 2024",Clinton Hughes,LYNX Studios,10.99,False,"Action, Early Access",0,1
792710,Levelhead,"Apr 30, 2020",Butterscotch Shenanigans,Butterscotch Shenanigans,2.99,False,"Action, Adventure, Casual, Indie, Massively Multiplayer, Simulation, Free To Play",44,12
1638220,Xuan-Yuan Sword: The Scar of Sky,"Aug 18, 2021","DOMO Studio, SOFTSTAR ENTERTAINMENT","方块游戏(CubeGame), SOFTSTAR ENTERTAINMENT",9.99,False,RPG,60,2
559610,Love Ribbon,"Jan 27, 2017",Razzart Visual,Razzart Visual,9.99,False,"Casual, Indie",13,2
765450,Tank Brawl 2: Armor Fury,"Mar 26, 2021",Phung Games,Phung Games,0.0,True,"Action, Adventure, Indie, RPG",13,10
1830040,False Skies,"Nov 30, 2022",Feenicks,Feenicks,8.99,False,RPG,46,1
1546920,Overboard!,"Jun 2, 2021",inkle Ltd,inkle Ltd,5.99,False,"Adventure, Indie",26,2
319730,GRANADO ESPADA,"Feb 23, 2017","HANBITSOFT, INC., IMC GAMES CO.,LTD.",REDBANA CORPORATION,0.0,False,"Action, Free To Play, Massively Multiplayer, RPG, Strategy",0,1
406730,"1,000 Heads Among the Trees","Dec 11, 2015",Aaron Oldenburg,KISS ltd,4.99,False,Indie,6,1
3367780,Mutational Loading,"Mar 3, 2025",Plexus Studio,Blacc Ski Weekend Industries,2.99,False,"Adventure, Indie",0,1
2943780,Chamber Survival,"Jul 11, 2024",daminggede,daminggede,3.19,False,"Adventure, Racing, RPG",0,1
747360,Gray Dawn,"Jun 7, 2018",Interactive Stone,Interactive Stone,19.99,False,"Adventure, Indie",18,9
439550,'n Verlore Verstand,"Apr 5, 2016","Skobbejak Games, Skermunkel",Conglomerate 5,0.69,False,"Adventure, Casual, Indie",52,27
259680,Tales of Maj'Eyal,"Dec 12, 2013",Netcore Games,Netcore Games,6.99,False,"Adventure, Indie, RPG",1782,5
585840,Leaving Lyndow,"Feb 8, 2017",Eastshade Studios,Eastshade Studios,3.99,False,"Adventure, Indie",7,8
320320,Darkstone,"Sep 25, 2014",Delphine Software,Microids,4.99,False,"Action, RPG",0,5
1062100,HaberDashers,"May 27, 2020",SMU Guildhall,SMU Guildhall,0.0,True,"Casual, Free To Play, Indie, Racing",0,1
306370,World of Subways 1 – The Path,"Nov 5, 2014",TML-Studios,Aerosoft GmbH,14.99,False,"Casual, Indie, Simulation",0,3
761030,EARTHLOCK,"Mar 8, 2018",Snowcastle Games,Snowcastle Games,29.99,False,"Adventure, Indie, RPG, Strategy",34,11
2442440,No Delivery,"Jun 11, 2023",oates,oates,5.0,False,"Indie, RPG",0,1
1918970,Eresys,"Dec 18, 2023",Ares Dragonis,Dragonis Games,8.99,False,"Action, Adventure",20,11
339130,Morningstar: Descent to Deadrock,"Feb 17, 2015",Red Herring Labs,Phoenix Online Publishing,9.99,False,"Adventure, Indie",16,1
780670,Fantasy of Expedition,"Sep 13, 2020",LW.C,"LW.C, FawnGame",9.99,False,"Action, Adventure, Casual, Indie, RPG, Strategy",39,5
1366810,AccrO,"May 24, 2022",Walter Machado,Walter Machado,0.99,False,Simulation,0,103
1583690,Elijah and the Out of this World Adventure,"Sep 24, 2021",PDS Games,PDS Games,3.99,False,"Action, Adventure, Indie, RPG",13,7
1160490,Master Of Pottery,"Nov 11, 2019",AZGames,AZGames,5.99,False,"Casual, Indie, Simulation, Early Access",12,4
513290,Lucius III,"Dec 13, 2018",Shiver Games,Shiver Games,19.99,False,"Adventure, Indie",36,7
1877020,Jujutsu Kaisen Cursed Clash,"Feb 1, 2024",Byking Inc.,Bandai Namco Entertainment Inc.,59.99,False,Action,57,11
80200,Fate of the World,"Feb 28, 2011",Red Redemption,Soothsayer Games,9.99,False,"Casual, Indie, Simulation, Strategy",32,3
1430140,Space Empires II,"Oct 13, 2020",Malfador Machinations,Strategy First,1.49,False,Strategy,0,1
2442460,Citizen Sleeper 2: Starward Vector,"Jan 31, 2025",Jump Over The Age,Fellow Traveller,24.99,False,"Adventure, Indie, RPG",30,4
1057720,Shattered Lights,"Jun 11, 2019",Team Morbid,Breda University of Applied Sciences,0.0,True,"Free To Play, Indie",6,1
1507260,Cannon Lab 13,"Jan 20, 2021",AvvaNextGen,AvvaNextGen,0.99,False,"Casual, Indie, RPG, Simulation, Sports",6,1
307340,Platypus,"Aug 15, 2014",Anthony Flack,Claymatic Games,4.99,False,Action,0,1
1158450,GALAXIUM,"Oct 15, 2019","Tony Muñoz, Dario Carnelutti",Wulum LTD,5.99,False,"Action, Casual, Indie",0,1
2355170,Neon Nexus,"Jun 22, 2023",Cameron Chester,Cameron Chester,1.99,False,Action,0,1
433100,The Town of Light,"Feb 26, 2016",LKA,"LKA, Wired Productions",18.99,False,"Adventure, Indie",20,11
639650,1982,"Jun 28, 2017",Binary Zoo,,0.0,True,"Action, Casual, Free To Play, Indie",20,1
895110,Magical Battle Cry,"Feb 8, 2021",羲和工作室,羲和工作室,19.99,False,"Action, Simulation, Early Access",0,1
636360,Silent Gentlemen,"Apr 29, 2019",Cipher Hive,My Way Games,4.99,False,RPG,0,1
404920,Emergency 2016,"Oct 15, 2015",Sixteen Tons Entertainment,Deep Silver,0.0,False,"Simulation, Strategy",58,5
703280,Zeal,"Sep 24, 2018",Skymarch Entertainment,Skymarch Entertainment,0.0,True,"Action, Free To Play, Indie, RPG, Strategy, Early Access",0,1
353090,Chicken Invaders 5,"Mar 13, 2015",InterAction studios,InterAction studios,5.99,False,"Action, Casual, Indie",15,8
601640,The guard of dungeon,"Mar 7, 2017",HeX,Laush Studio,1.99,False,"Action, Indie",12,1
509560,Heroes of Dire,"Mar 15, 2017",Spellbook,www.Spellbook.com,0.0,True,"Adventure, Free To Play, Indie, Massively Multiplayer, RPG, Strategy",0,1
3259240,Nuckelavee,"Oct 27, 2024",Peatfire Games,Peatfire Games,4.99,False,"Action, Adventure, Indie, Strategy",5,2
395400,Freedom Cry,"Sep 4, 2015",Warfare Studios,Warfare Studios,0.79,False,"Adventure, Casual, Indie, RPG",5,1
1674780,Lone Fungus,"Apr 7, 2023",BASTI GAMES,BASTI GAMES,19.99,False,"Action, Adventure, Indie",52,1
726990,Succubus Rem,"Dec 19, 2017",とらいあんぐる！,Paradise Project,0.0,False,"Indie, RPG",0,2
340460,Spartans Vs Zombies Defense,"Jan 6, 2015",Lei,Lei,0.0,True,"Action, Casual, Free To Play, Indie, Strategy",8,2
245470,Democracy 3,"Oct 14, 2013",Positech Games,Positech Games,24.99,False,"Indie, Simulation, Strategy",42,9
312750,Final Fantasy IV (3D Remake),"Sep 17, 2014","Square Enix, DotEmu SAS.",Square Enix,15.99,False,RPG,58,12
1029890,Layers of Fear 2 (2019),"May 28, 2019",Bloober Team SA,"Bloober Team SA, NA Publishing",1.99,False,"Adventure, Casual, Indie",32,9
1124180,Rail Route,"Feb 22, 2024",Bitrich.info,Bitrich.info,14.49,False,"Casual, Indie, Simulation, Strategy",76,12
2478970,Tomb Raider I-III Remastered Starring Lara Croft,"Feb 13, 2024","Aspyr, Crystal Dynamics",Aspyr,29.99,False,"Action, Adventure",284,20
2786680,"Knowledge, or know Lady","Mar 28, 2024",蒸汽满满工作室,蒸汽满满工作室,6.99,False,"Adventure, Indie, RPG, Simulation, Strategy",34,5
401190,Dinosaur Hunt,"Sep 17, 2015",Racing Bros,ANPA.US,0.49,False,"Action, Adventure, Indie, Simulation",1079,1
1568330,Samurai Chess,"Apr 16, 2021",Minimol Games,Minimol Games,1.99,False,"Casual, Simulation, Strategy",13,1
1457930,Red Rage,"Dec 11, 2020",Snakebite Studios,Snakebite Studios,0.99,False,"Action, Indie",0,1
1637140,Fishards,"Nov 3, 2021",Rivernotch Game Studio,Rivernotch Game Studio,0.0,True,"Action, Indie",29,1
596970,Sunless Skies: Sovereign Edition,"Jan 31, 2019",Failbetter Games,Failbetter Games,24.99,False,"Adventure, Indie, RPG",31,1
431710,Space Pilgrim Episode II: Epsilon Indi,"Jan 8, 2016","Pilgrim Adventures, GrabTheGames Studios","GrabTheGames, TheGamesFortress",1.99,False,"Adventure, Indie",7,1
412170,City of Chains,"Dec 8, 2015",Astronomic Games,New Reality Games,8.99,False,"Adventure, Indie, RPG, Strategy",52,1
816090,Space Hulk: Deathwing Enhanced Edition,"May 22, 2018",Streum On Studio,Focus Entertainment,2.99,False,"Action, Adventure",23,7
300970,Fiesta Online NA,"May 20, 2014",gamigo AG,gamigo AG,0.0,True,"Action, Adventure, Casual, Massively Multiplayer, RPG, Simulation, Free To Play",0,1
381990,Dragon Saga,"Dec 22, 2015",Gravity Interactive,Gravity Interactive,0.0,True,"Action, Adventure, Casual, Massively Multiplayer, Racing, RPG, Free To Play",117,5
360890,The Lost Valley,"Apr 20, 2015","AndrewDrumov, Sanke Berdochan",AndrewDrumov,4.99,False,"Action, Adventure, Casual, Indie, Simulation",0,8
843390,Vertigo 2,"Mar 30, 2023",Zach Tsiakalis-Brown,Zulubo Productions,29.99,False,"Action, Adventure, Indie",52,10
1266560,鋼鉄戦記C21,"Oct 14, 2020","CyberStep, Inc.","CyberStep, Inc.",0.0,True,"Action, Massively Multiplayer, RPG, Free To Play",0,1
42170,Krater,"Jun 12, 2012",Fatshark,Fatshark,1.49,False,"Action, Adventure, Indie, RPG, Strategy",41,7
1043810,Tactical Breach Wizards,"Aug 22, 2024",Suspicious Developments,Suspicious Developments,19.99,False,"Adventure, Indie, RPG, Strategy",61,1
562230,Space Tyrant,"Feb 27, 2018",Blue Wizard Digital,Blue Wizard Digital,19.99,False,"Indie, Strategy",31,1
2704110,Aliya: Timelink,"Apr 25, 2024",TDGame Studio,Anotherindie,2.99,False,"Indie, RPG",5,2
623280,Dungeons & Dragons: Dark Alliance,"Jun 21, 2021",Tuque Games,Wizards of the Coast,0.0,False,"Action, RPG",54,8
19000,Silent Hill Homecoming,"Nov 6, 2008",Double Helix Games,KONAMI,39.99,False,Adventure,0,5
648390,Marie's Room,"Apr 13, 2018",Kenny Guillaume,Kenny Guillaume,0.0,True,"Adventure, Casual, Indie, Free To Play",7,1
663380,Tales from Candlekeep: Tomb of Annihilation,"Oct 11, 2017",BKOM Studios,BKOM Studios,0.0,False,"Adventure, RPG, Strategy",26,7
434050,Duke Nukem 3D: 20th Anniversary World Tour,"Oct 11, 2016","Nerve Software, Gearbox Software, LLC",Gearbox Publishing,19.99,False,"Action, Adventure",27,1
305260,Battle Islands,"Aug 6, 2014",DR Studios,505 Games,0.0,True,"Free To Play, Simulation, Strategy",96,7
1024890,Sector's Edge,"Oct 30, 2020","Vercidium, Rocket Skeleton",Vercidium,0.0,False,"Action, Free To Play, Indie, Strategy, Early Access",7,1
525480,.hack//G.U. Last Recode,"Nov 3, 2017",CyberConnect2,Bandai Namco Entertainment,9.99,False,RPG,52,5
991170,Barn Finders,"Jun 15, 2020",Duality Games,"Duality Games, PlayWay S.A., HeartBeat Games",19.99,False,"Casual, Indie, Simulation",47,12
275100,Shelter 2,"Mar 9, 2015",Might and Delight,Might and Delight,4.99,False,"Adventure, Casual, Indie",26,9
1606180,下一站江湖Ⅱ,"Apr 17, 2024",白玉京工作室,白玉京工作室,24.99,False,"Action, Adventure, Indie, RPG",111,2
1209040,Cyber Hunter,"Jun 18, 2020",NetEase Games,NetEase Games,0.0,False,"Action, Free To Play, Massively Multiplayer",0,12
1121910,"I Love You, Colonel Sanders! A Finger Lickin’ Good Dating Simulator","Sep 24, 2019",Psyop,KFC,0.0,True,"Casual, Indie, Simulation",0,1
286040,Dead Effect,"Dec 17, 2014","BadFly Interactive, a.s.","BadFly Interactive, a.s.",4.99,False,"Action, Indie",61,6
366760,Adorables,"Mar 30, 2016",White Rabbit,Volens Nolens Games,29.99,False,"Casual, Indie, Sports, Strategy",46,7
503580,Duck Season,"Sep 14, 2017",Stress Level Zero,Stress Level Zero,19.99,False,"Action, Adventure, Casual, Indie",23,1
1359090,Zero Hour,"Sep 9, 2024",AttritoM7 Productions,AttritoM7 Productions,9.99,False,"Action, Simulation, Strategy",25,6
838310,Bloodstained: Curse of the Moon,"May 24, 2018","INTI CREATES CO., LTD.","INTI CREATES CO., LTD.",9.99,False,Action,15,2
786520,SAO Utils: Beta,"Mar 14, 2018",Joshua Chen,Studio GPBeta,3.99,False,"Utilities, Early Access",4,4
1009290,SWORD ART ONLINE Alicization Lycoris,"Jul 9, 2020","AQURIA Co., Ltd.",BANDAI NAMCO Entertainment,14.99,False,"Action, Adventure, RPG",67,11
1510,Uplink,"Aug 23, 2006",Introversion Software,Introversion Software,11.99,False,"Indie, Strategy",0,1
254060,KnightShift,"Sep 27, 2013",Reality Pump,Topware Interactive,8.99,False,"RPG, Strategy",0,5
408900,Unfortunate Spacemen,"Jun 12, 2020","Geoff 'Zag' Keene, Deep Field Games","Deep Field Games, New Blood Interactive",0.0,True,"Action, Indie, Strategy, Free To Play",85,1
274920,FaceRig,"Jul 7, 2015",Holotech Studios,Holotech Studios,0.0,False,"Animation & Modeling, Video Production",37,9
208520,Omerta - City of Gangsters,"Jan 31, 2013",Haemimont Games,Kalypso Media Digital,14.99,False,"Simulation, Strategy",60,8
371970,Barony,"Jun 23, 2015",Turning Wheel LLC,Turning Wheel LLC,19.99,False,"Action, Adventure, Indie, RPG",301,1
483770,Autobahn Police Simulator 2,"Dec 7, 2017",Z-Software,Aerosoft GmbH,19.99,False,"Action, Casual, Simulation",21,4
680780,DEATH TRAIN - Warning: Unsafe VR Experience,"Sep 21, 2017",Nomad Assembly,Nomad Assembly,19.99,False,"Action, Indie",0,1
397460,The Jackbox Party Pack 2,"Oct 13, 2015","Jackbox Games, Inc.","Jackbox Games, Inc.",16.24,False,"Casual, Indie, Strategy",20,1
2890830,Streamer Life Simulator 2,"Feb 5, 2026",Cheesecake Dev,Cheesecake Dev,11.99,False,"Indie, Simulation",26,11
443580,Antenna,"Apr 7, 2016",LWNA,LWNA,0.0,True,"Casual, Free To Play, Indie",5,1
1170950,Mortal Online 2,"Jan 25, 2022",Star Vault AB,Star Vault AB,39.99,False,"Action, Indie, Massively Multiplayer, RPG",187,11
262120,Toy Soldiers: Complete,"Feb 17, 2016","Signal Studios, Krome Studios",Signal Studios,14.99,False,"Action, Casual, Indie, Simulation, Strategy",32,1
1857090,Norland,"Jul 18, 2024",Long Jaunt,Hooded Horse,29.99,False,"RPG, Simulation, Strategy, Early Access",25,16
629910,Clicker Heroes 2,"Jul 16, 2018",Playsaurus,Playsaurus,0.0,False,"Action, Adventure, Casual, Indie, RPG, Simulation, Strategy, Early Access",32,1
570840,家有大貓 Nekojishi,"Nov 12, 2017","Studio Klondike, Team Nekojishi","Studio Klondike, Orange Juice Dog",0.0,True,"Indie, Free To Play",24,4
427100,Fernbus Simulator,"Aug 25, 2016",TML-Studios,Aerosoft GmbH,29.99,False,"Casual, Simulation",78,17
673750,Super Bunny Man,"May 16, 2023",Catobyte,Catobyte Ltd,7.49,False,"Action, Indie",0,11
1769170,Shattered Pixel Dungeon,"Mar 23, 2022",Shattered Pixel,Shattered Pixel,9.99,False,"Adventure, Indie, RPG",98,19
1191210,Seek Girl Ⅲ,"Dec 5, 2019",DSGame,DSGame,1.99,False,"Action, Adventure, Casual, Indie, RPG, Strategy",35,5
2022670,SONIC SUPERSTARS,"Oct 16, 2023",SEGA,SEGA,39.99,False,Action,38,13
327410,A Bird Story,"Nov 7, 2014",Freebird Games,Freebird Games,3.99,False,"Adventure, Indie, RPG",1,11
931280,Iron Marines,"May 15, 2019",Ironhide Game Studio,Ironhide Game Studio,14.99,False,"Action, Casual, Indie, Strategy",76,13
576770,Low Magic Age,"Jan 10, 2017",Low Magic Studios,Low Magic Studios,5.99,False,"Adventure, Casual, Indie, RPG, Strategy, Early Access",12,7
1969930,Decisive Strike,"May 16, 2022",Crisis Cleaver,Crisis Cleaver,0.99,False,"Action, Indie, Early Access",0,1
255320,Edna & Harvey: The Breakout,"Oct 25, 2013",Daedalic Entertainment,Daedalic Entertainment,14.99,False,"Adventure, Indie",18,6
1362420,Siege Survival: Gloria Victis Prologue,"Aug 19, 2020","Black Eye Games, FishTankStudio",Ravenscourt,0.0,True,"Adventure, Casual, Indie, RPG, Simulation, Strategy, Free To Play",11,14
202130,Impire,"Feb 14, 2013",Cyanide Montreal,Paradox Interactive,19.99,False,Strategy,48,2
201480,Serious Sam: The Random Encounter,"Oct 24, 2011","Vlambeer, Croteam",Devolver Digital,4.99,False,"Action, Indie, RPG",0,1
773790,Ostriv,"Mar 19, 2020",yevhen8,yevhen8,24.99,False,"Indie, Simulation, Strategy, Early Access",0,2
1070580,Drift86,"Nov 19, 2019",RewindApp,RewindApp,1.99,False,"Casual, Indie, Racing",41,15
1037020,ScourgeBringer,"Oct 21, 2020","Flying Oak Games, E-Studio",Dear Villagers,16.99,False,"Action, Adventure, Indie",42,12
287980,Mini Metro,"Nov 6, 2015",Dinosaur Polo Club,Dinosaur Polo Club,9.99,False,"Indie, Simulation, Strategy",73,25
684450,Surviving the Aftermath,"Nov 16, 2021",Iceflake Studios,Paradox Interactive,29.99,False,"Simulation, Strategy",74,8
360830,Yooka-Laylee,"Apr 11, 2017",Playtonic Games,Playtonic Friends,19.99,False,"Action, Adventure, Indie",35,9
444940,UBERMOSH:BLACK,"Feb 17, 2016",Walter Machado,Walter Machado,0.49,False,"Action, Indie",8,103
529180,Dark and Light,"Jul 20, 2017",Snail Games USA,Snail Games USA,17.99,False,"Action, Adventure, Massively Multiplayer, RPG, Simulation, Early Access",29,8
543460,Dead Rising 4,"Mar 14, 2017","Capcom Game Studio Vancouver, Inc.",Capcom,29.99,False,Action,104,12
1680880,Forspoken,"Jan 24, 2023",Square Enix,Square Enix,69.99,False,"Action, Adventure, RPG",53,14
1129190,Our Life: Beginnings & Always,"Nov 16, 2020",GB Patch Games,GB Patch Games,0.0,True,"Casual, Indie, Free To Play",22,1
808290,Runes of Magic,"Aug 29, 2018",Runewaker Entertainment,Gameforge 4D GmbH‬,0.0,True,"Action, Adventure, Massively Multiplayer, RPG, Free To Play",0,5
703950,Just Fishing,"Dec 15, 2017",Just Fishing LLC,Just Fishing LLC,0.0,False,"Action, Adventure, Casual, Free To Play, Massively Multiplayer, Simulation, Sports",46,5
1263370,Seek Girl:Fog Ⅰ,"Aug 28, 2020",DSGame,DSGame,3.99,False,"Action, Adventure, Casual, Indie, RPG, Strategy",100,4
2475490,Mouthwashing,"Sep 26, 2024",Wrong Organ,CRITICAL REFLEX,12.99,False,"Adventure, Indie",18,16
320300,Car Mechanic Simulator 2015,"Apr 23, 2015",Red Dot Games,PlayWay S.A.,19.99,False,"Racing, Simulation",0,12
209630,Magrunner: Dark Pulse,"Jun 20, 2013",Frogwares,Frogwares,1.99,False,"Action, Adventure, Indie",24,9
240440,Quadrilateral Cowboy,"Jul 25, 2016",Blendo Games,Blendo Games,19.99,False,"Action, Adventure, Indie",10,1
1218250,We Went Back,"Apr 3, 2020",Dead Thread Games,Dead Thread Games,0.0,True,"Adventure, Free To Play, Indie",11,1
1203710,UnMetal,"Sep 28, 2021",@unepic_fran,"Versus Evil, tinyBuild",19.99,False,"Action, Adventure, Indie",40,11
320240,We Happy Few,"Aug 10, 2018",Compulsion Games,"Gearbox Publishing,  Xbox Game Studios",59.99,False,"Action, Adventure, Indie",70,9
420110,NEKOPARA Vol. 2,"Feb 19, 2016",NEKO WORKs,Sekai Project,9.99,False,"Casual, Indie",20,3
758370,Through the Ages,"Mar 26, 2018",CGE Digital,CGE Digital,15.99,False,"Indie, Strategy",124,17
215830,Closers,"Feb 6, 2018",Naddic Games,Naddic Games,0.0,True,"Action, Massively Multiplayer, RPG, Free To Play",0,1
24720,SPORE™ Galactic Adventures,"Jun 23, 2009",EA - Maxis,Electronic Arts,19.99,False,"Action, Simulation",0,14
218740,Pid,"Oct 31, 2012",Might and Delight,Might and Delight,19.99,False,"Adventure, Indie",12,5
1569580,Blue Prince,"Apr 10, 2025",Dogubomb,Raw Fury,29.99,False,"Adventure, Indie, Strategy",16,1
1010800,Wallpaper Maker （造物主视频桌面）,"Apr 3, 2019",Dream.Machine,Dream.Machine,0.0,True,Utilities,0,1
1243830,Overcooked! All You Can Eat,"Mar 23, 2021","Team17 Digital, Ghost Town Games",Team17 Digital,39.99,False,"Casual, Indie, Simulation, Strategy",42,13
438180,Super Mustache,"Jan 27, 2016",Redro Games,Back To Basics Gaming,1.99,False,"Action, Adventure, Casual, Indie",0,1
373930,Sudden Strike 4,"Aug 11, 2017",Kite Games,Kalypso Media,19.99,False,Strategy,61,11
19980,Prince of Persia®,"Dec 10, 2008",Ubisoft Montreal,Ubisoft,9.99,False,"Action, Adventure",0,5
695920,Super Seducer : How to Talk to Girls,"Mar 6, 2018",RLR Training Inc,,12.99,False,"Adventure, Casual, RPG, Simulation, Strategy",18,9
824600,HROT,"May 16, 2023",Spytihněv,Spytihněv,19.99,False,"Action, Indie",55,2
1142130,They Can't Stop All Of Us,"Nov 1, 2019","B Michael B, ChainWave Games, Blake Gillman",ChainWave Games,0.0,True,"Action, Free To Play, Indie, Strategy",0,1
1634680,Ficket: 追剧引擎,"Jun 18, 2021",一个小目标工作室,一个小目标工作室,3.99,False,"Indie, Utilities, Early Access",0,1
1556200,Predator: Hunting Grounds,"Apr 29, 2021",IllFonic,IllFonic Publishing,19.99,False,Action,46,15
2440380,Megaloot,"Aug 30, 2024",axilirate,"Ravenage Games, Sidekick Publishing",9.99,False,"Casual, Indie, RPG, Strategy",77,11
244710,Shelter,"Aug 28, 2013",Might and Delight,Might and Delight,2.99,False,"Adventure, Indie",0,5
242820,140,"Oct 16, 2013",Carlsen Games,Carlsen Games,4.99,False,"Action, Indie",8,27
512790,Quern - Undying Thoughts,"Nov 28, 2016",Zadbox Entertainment,"Blue Brain Games, Zadbox Entertainment",24.99,False,Adventure,18,10
1898300,ASKA,"Jun 20, 2024",Sand Sailor Studio,Thunderful Publishing,24.99,False,"Adventure, Simulation, Strategy, Early Access",39,13
105800,PixelJunk™ Eden,"Feb 2, 2012",Q-Games Ltd.,Q-Games Ltd.,9.99,False,"Action, Casual, Indie",61,10
1367550,Kingdom Rush Vengeance - Tower Defense,"Oct 15, 2020",Ironhide Game Studio,Ironhide Game Studio,19.99,False,Strategy,90,10
331600,One Piece Pirate Warriors 3,"Aug 27, 2015","KOEI TECMO GAMES CO., LTD.",BANDAI NAMCO Entertainment,39.99,False,Action,40,6
2453360,Cluckmech Oasis,"May 9, 2024",BlackLight,"Mammorize, Flawless Gaming, Erabit",5.99,False,"Action, Casual, Indie, Strategy",112,6
2208920,Assassin's Creed Valhalla,"Dec 6, 2022",Ubisoft Montreal,Ubisoft,59.99,False,"Action, Adventure, RPG",92,14
292330,Starship Corporation,"May 3, 2018",Coronado Games,Iceberg Interactive,19.99,False,"Indie, Simulation, Strategy",18,3
537430,Inner Chains,"May 18, 2017",Telepaths Tree,IMGN.PRO,19.99,False,"Action, Adventure",29,10
354290,LoveBeat,"Jan 13, 2016","CRAZYDIAMOND CO., LTD.","CRAZYDIAMOND CO., LTD.",0.0,True,"Action, Casual, Massively Multiplayer, Free To Play",0,1
314970,Age of Conquest IV,"Apr 5, 2016",Noble Master LLC,Noble Master LLC,0.0,True,"Indie, Strategy, Free To Play",21,29
1245250,Thrive: Heavy Lies The Crown,"Jun 18, 2025",Zugalu Entertainment,PlaySide,27.99,False,"Action, Adventure, Casual, Indie, RPG, Simulation, Strategy",32,6
1330470,F.I.S.T.: Forged In Shadow Torch,"Oct 2, 2021",TiGames,Astrolabe Games,15.99,False,"Action, Adventure, Indie, RPG, Simulation, Sports",43,9
1477830,HudSight - crosshair overlay,"Jan 5, 2021",Eduard Kozadaev,Eduard Kozadaev,7.99,False,"Action, Education, Software Training, Utilities, Video Production",8,13
365960,rFactor 2,"Nov 12, 2015",Studio 397,Studio 397,29.99,False,"Racing, Simulation, Sports",25,1
1318690,shapez,"Jun 7, 2020",Tobias Springer,"tobspr Games, Doyoyo Games",9.99,False,"Casual, Indie, Simulation, Strategy",45,24
1102130,Florence,"Feb 13, 2020",Mountains,Annapurna Interactive,1.49,False,"Adventure, Casual, Indie",12,22
1674170,Sprocket,"Aug 26, 2021",Hamish Dunn,Hamish Dunn,19.99,False,"Action, Indie, Simulation, Early Access",0,1
891040,Pool 2D - Poolians,"Dec 10, 2019",Poolians.com,Poolians.com,0.0,True,"Casual, Indie, Massively Multiplayer, Simulation, Sports, Free To Play",13,16
1353300,Idle Slayer,"Dec 21, 2020",Pablo Leban,Pablo Leban,0.0,True,"Casual, Indie, Strategy, Free To Play",651,29
1227650,Bang-On Balls: Chronicles,"Oct 5, 2023",Exit Plan Games,"Untold Tales, CouchPlay Interactive",24.99,False,"Action, Adventure, Casual, Indie",26,11
20820,Shatter,"Mar 15, 2010",Sidhe,PikPok,1.99,False,"Action, Indie",30,5
285920,TerraTech,"Aug 10, 2018",Payload Studios,Mythwright,24.99,False,"Action, Indie",15,17
1026680,FINAL FANTASY VIII - REMASTERED,"Sep 3, 2019",Square Enix,Square Enix,19.99,False,"Adventure, RPG",34,6
331470,Everlasting Summer,"Nov 19, 2014",Soviet Games,Soviet Games,0.0,True,"Adventure, Casual, Indie, Free To Play",14,8
910490,Killsquad,"Oct 21, 2021",Novarama,Novarama,29.99,False,"Action, Indie, RPG",156,10
285330,RollerCoaster Tycoon® 2: Triple Thrill Pack,"May 21, 2014",Chris Sawyer Productions,Atari,2.49,False,"Simulation, Strategy",0,5
247430,Hitman: Contracts,"Jan 21, 2014",Io-Interactive A/S,Io-Interactive A/S,8.99,False,Action,0,5
476460,Picross Touch,"Aug 24, 2016",Jon Gallant,jgallant,0.0,True,"Casual, Free To Play, Indie, Strategy",18,1
1622910,Still Wakes the Deep,"Jun 18, 2024",The Chinese Room,Secret Mode,8.74,False,"Action, Adventure, Indie",59,11
1261040,Streamer Life Simulator,"Aug 21, 2020",Cheesecake Dev,Cheesecake Dev,1.99,False,"Action, Adventure, Casual, Indie, Simulation, Strategy",15,10
228360,Full Throttle Remastered,"Apr 18, 2017","Double Fine Productions, Shiny Shoe",Double Fine Productions,14.99,False,Adventure,40,6
345350,LIGHTNING RETURNS™: FINAL FANTASY® XIII,"Dec 10, 2015",Square Enix,Square Enix,19.99,False,RPG,42,8
386010,Steambirds Alliance,"Aug 22, 2019",Spry Fox LLC,Spry Fox LLC,0.0,False,"Action, Free To Play, Indie, Massively Multiplayer, RPG",0,4
449960,Book of Demons,"Dec 13, 2018",Thing Trunk,Thing Trunk,24.99,False,"Action, Adventure, Casual, Indie, RPG",202,14
574720,Little Big Workshop,"Oct 17, 2019",Mirage Game Studios,HandyGames,19.99,False,"Simulation, Strategy",49,11
696170,SENRAN KAGURA Peach Beach Splash,"Mar 7, 2018",Tamsoft,"XSEED Games, Marvelous USA, Inc., Marvelous",29.99,False,Action,50,6
1166290,Death and Taxes,"Feb 20, 2020",Placeholder Gameworks,"Placeholder Gameworks, Hawthorn Games",12.99,False,"Adventure, Casual, Indie, Simulation, Strategy",60,8
314020,Morphopolis,"Aug 14, 2014","Dan  Walters, Ceri Williams",Dan  Walters,3.99,False,"Adventure, Casual, Indie",13,1
269670,BADLAND: Game of the Year Edition,"May 26, 2015",Frogmind,Frogmind,9.99,False,"Action, Adventure, Indie",78,12
1250760,Far Away,"Aug 17, 2021",Gratesca,Gratesca,12.99,False,"Adventure, Casual, Indie, RPG",70,3
1444740,Maniac Path,"Oct 29, 2020","Falco Software, Laush Dmitriy Sergeevich",Laush Studio,2.99,False,"Adventure, Indie, Simulation",7,2
1249800,Xuan-Yuan Sword VII,"Oct 28, 2020","SOFTSTAR, DOMO Studio","SOFTSTAR, Yooreka Studio",34.99,False,"Action, Adventure, RPG",44,10
604540,Empire of Sin,"Dec 1, 2020",Romero Games,Paradox Interactive,39.99,False,"RPG, Strategy",57,9
580910,idleBeer,"Aug 31, 2017",Victor Corradi,Corradi Games,0.0,False,"Casual, Indie, Simulation",0,1
1144170,Warhammer: Chaos And Conquest,"Nov 18, 2019",Hunted Cow Games,Tilting Point,0.0,True,"Massively Multiplayer, Simulation, Strategy, Free To Play",0,12
257730,Infinity Wars: Animated Trading Card Game,"Sep 5, 2014",Lightmare Studios,Lightmare Studios,0.0,True,"Action, Adventure, Casual, Indie, Massively Multiplayer, RPG, Strategy, Free To Play",0,1
2667500,World War Next,"Feb 19, 2024",Curfluffle,Curfluffle,0.0,True,Action,0,6
238280,Legend of Dungeon,"Sep 13, 2013",Robot Loves Kitty,,9.99,False,"Action, Indie, RPG",16,1
347830,Fairy Fencer F,"Aug 4, 2015","Idea Factory, Compile Heart",Idea Factory International,9.99,False,RPG,29,1
553310,Lethal League Blaze,"Oct 24, 2018",Team Reptile,Team Reptile,19.99,False,"Action, Indie, Sports",15,10
607080,Psychonauts 2,"Aug 24, 2021",Double Fine Productions,Xbox Game Studios,59.99,False,"Action, Adventure",57,9
1098293,DOOM Eternal: The Ancient Gods - Part Two,"Mar 18, 2021",id Software,Bethesda Softworks,19.99,False,Action,0,13
421060,Age of Steel: Recharge,"Jan 6, 2016",Quaint Emerald,,6.99,False,"Action, Casual, Indie, Strategy",20,1
1262060,Battle Ram,"Jan 5, 2023",Runic Rise Games,Runic Rise Games,1.49,False,"Action, Adventure, Simulation, Sports",20,103
962580,Summer in Mara,"Jun 16, 2020",Chibig,Chibig,1.99,False,"Adventure, Casual, Indie, RPG, Simulation",51,7
529920,Resurgence,"Sep 12, 2017",Lightning Man Media,Lightning Man Media,1.99,False,"Adventure, Indie",16,1
435400,Hidden Folks,"Feb 15, 2017",Hidden Folks,Hidden Folks,14.99,False,"Adventure, Casual, Indie",8,23
1230570,Shotgun n  Zombies,"Feb 13, 2020",Brandtner,Brandtner,0.89,False,"Action, Indie",0,1
335670,LISA: The Painful,"Dec 15, 2014",Dingaling Productions,Serenity Forge,19.99,False,"Adventure, Indie, RPG",68,12
555670,Infinitum,"Jan 4, 2017",VGstudio,VGstudio,4.99,False,"Action, Adventure, Indie, Simulation",0,2
1180660,Tell Me Why,"Aug 27, 2020",DONTNOD Entertainment,Xbox Game Studios,0.0,True,"Adventure, Free To Play",30,8
557400,Midas Gold Plus - Idle Clicker,"Feb 1, 2017",Holyday Studios,Holyday Studios,0.0,True,"Casual, Indie, RPG, Free To Play",23,1
274290,Gods Will Be Watching,"Jul 24, 2014",Deconstructeam,Devolver Digital,9.99,False,"Adventure, Indie",35,5
272270,Torment: Tides of Numenera,"Feb 27, 2017",inXile Entertainment,"inXile Entertainment, Xbox Game Studios",34.99,False,"Adventure, Indie, RPG, Strategy",52,6
604330,The Crown of Leaves,"Nov 26, 2018",Lingrimm,The Broken Horn,5.99,False,"Adventure, Casual, Indie",43,2
801550,VAIL,"Feb 15, 2024",AEXLAB,AEXLAB,0.0,True,"Action, Casual, Strategy, Free To Play",0,1
267530,The LEGO® Movie - Videogame,"Feb 7, 2014","TT Fusion, Traveller's Tales",Warner Bros. Interactive Entertainment,19.99,False,"Action, Adventure",48,10
610180,The Jackbox Party Pack 4,"Oct 18, 2017","Jackbox Games, Inc.","Jackbox Games, Inc.",14.99,False,"Casual, Indie, Strategy",20,1
690810,Killing Floor: Incursion,"Nov 14, 2017",Tripwire Interactive,Tripwire Interactive,2.99,False,Action,29,7
1061880,Conan Chop Chop,"Mar 1, 2022",Mighty Kingdom,Funcom,5.99,False,"Action, Adventure, Indie",45,10
1374840,Dark Deity,"Jun 15, 2021",Sword & Axe LLC,indie.io,4.99,False,"Adventure, Indie, RPG, Strategy",40,8
213030,Penny Arcade's On the Rain-Slick Precipice of Darkness 3,"Jun 25, 2012",Zeboyd Games,"Penny Arcade, Inc.",0.0,True,"Indie, RPG",0,1
213850,Magic 2014 — Duels of the Planeswalkers,"Jun 26, 2013",Stainless Games,Wizards of the Coast LLC,0.0,False,Strategy,38,9
6300,Dreamfall: The Longest Journey,"Jan 12, 2007",Funcom,Funcom,7.99,False,"Adventure, RPG",0,1
297020,The Culling Of The Cows,"May 9, 2014",DL Softworks,DL Softworks,4.99,False,"Action, Casual, Indie, Strategy",5,1
1239080,Door Kickers 2: Task Force North,"Feb 10, 2025",KillHouse Games,KillHouse Games,24.99,False,"Action, Indie, Simulation, Strategy",81,11
339400,Runestone Keeper,"Mar 2, 2015",Blackfire,Cimugames,9.99,False,"Casual, Indie, RPG, Strategy",80,8
209060,Drunken Robot Pornography,"Feb 19, 2014","Dejobaan Games, LLC","Dejobaan Games, LLC",14.99,False,"Action, Indie",11,1
312450,Order of Battle: World War II,"Apr 30, 2015",The Artistocrats,Slitherine Ltd.,0.0,True,"Simulation, Strategy, Free To Play",38,5
934780,American Fugitive,"May 21, 2019",Fallen Tree Games Ltd,Curve Games,19.99,False,"Action, Adventure, Indie",46,10
298050,Master of Orion,"Aug 25, 2016",NGD Studios,Wargaming Labs,24.99,False,Strategy,102,13
354140,Five Nights at Freddy's 3,"Mar 2, 2015",Scott Cawthon,Scott Cawthon,7.99,False,"Action, Indie, Simulation",0,1
374080,Falcon,"Jan 8, 2016","Sphere, Inc.",MicroProse Software,6.99,False,Simulation,0,1
2173740,DYNAMIC,"Nov 21, 2022",Gallocus,Gallocus,1.99,False,"Action, Sports",0,1
918820,Headliner: NoviNews,"Oct 23, 2018",Unbound Creations,Unbound Creations,13.99,False,"Adventure, Indie, Simulation",59,5
331480,Pinstripe,"Apr 24, 2017","Atmos Games, LLC",Armor Games Studios,1.49,False,"Adventure, Casual, Indie",12,7
383270,Hue,"Aug 30, 2016",Fiddlesticks Games,Curve Games,14.99,False,"Adventure, Indie",13,5
414580,Uriel's Chasm 2: את,"Nov 13, 2015",Rail Slave Games,KPL,4.99,False,"Action, Adventure, Indie",0,1
33530,Tropico Reloaded,"Jul 26, 2009","PopTop Software, BreakAway Games, Frog City Software",Kalypso Media Digital,6.99,False,"Simulation, Strategy",0,1
3168200,Subzero Stealth,"Mar 5, 2025",Verona Interactive,Verona Interactive,7.99,False,"Action, Early Access",0,1
476620,Call of Duty®: WWII,"Nov 2, 2017","Sledgehammer Games, Raven Software",Activision,59.99,False,Action,35,12
807120,Iratus: Lord of the Dead,"Apr 23, 2020",Unfrozen,Daedalic Entertainment,29.99,False,"Indie, RPG, Strategy",75,12
430210,Megaton Rainfall,"Nov 17, 2017","Pentadimensional Games, SL","Pentadimensional Games, SL",15.99,False,"Action, Indie",14,11
843810,A Perfect Day,"Feb 24, 2022",Perfect Day Studio,Perfect Day Studio,19.99,False,"Adventure, Indie, RPG, Simulation, Strategy",54,4
108200,Ticket to Ride: Classic Edition,"May 24, 2012",Days of Wonder,"Days of Wonder, Twin Sails Interactive",0.0,False,"Casual, Indie, Strategy",83,5
233980,UnEpic,"Jul 25, 2014",@unepic_fran,Unepic Games,12.99,False,"Action, Indie, RPG",57,16
275200,Westerado: Double Barreled,"Apr 16, 2015",Ostrich Banditos,Ostrich Banditos,14.99,False,"Action, Adventure, Indie",79,1
31290,Back to the Future: The Game,"Dec 23, 2010",Telltale Games,Telltale Games,0.0,False,Adventure,0,2
977880,Eastward,"Sep 16, 2021",Pixpil,"Chucklefish, XD",24.99,False,"Action, Adventure, Indie, RPG",30,7
2069900,Maurice: In The Predator's Nest,"Dec 5, 2022",Lucas Cavataio,Lucas Cavataio,0.0,True,"Action, Adventure, Casual, Indie, Free To Play",0,1
1863750,挂机神话,"Apr 6, 2023",摸鱼猫工作室,摸鱼猫工作室,1.99,False,"Casual, Indie, RPG, Strategy",20,1
1179680,Wurm Online,"Jul 24, 2020",Code Club AB,Code Club AB,0.0,True,"Adventure, Free To Play, Indie, Massively Multiplayer, RPG",80,1
1341820,As Dusk Falls,"Jul 19, 2022",INTERIOR/NIGHT,Xbox Game Studios,29.99,False,Adventure,50,22
292370,DarkEnd,"Oct 17, 2014",Kodots Games,Kodots Games,1.99,False,"Indie, RPG",26,1
317470,Cubic Castles,"Aug 13, 2014",Raptisoft,Raptisoft,0.0,True,"Action, Adventure, Casual, Indie, Massively Multiplayer, Free To Play",0,1
327070,Gloria Victis: Medieval MMORPG,"Feb 7, 2023",gamigo US,gamigo US,0.0,False,"Action, Adventure, Indie, Massively Multiplayer, RPG, Simulation",79,9
315430,Polarity,"Jul 15, 2016",Bluebutton Games,Bluebutton Games,12.99,False,"Action, Adventure, Indie, Strategy",10,1
22350,BRINK,"May 9, 2011",Splash Damage,Bethesda Softworks,0.0,True,"Action, Free To Play",43,5
915810,Midnight Ghost Hunt,"Mar 21, 2024",Vaulted Sky Games,Coffee Stain Publishing,19.99,False,"Action, Indie",42,11
673610,Airport CEO,"Mar 4, 2021",Apog Labs,Apog Labs,24.99,False,"Indie, Simulation, Strategy",35,12
1485590,ENDLESS™ Dungeon - Definitive Edition,"Oct 19, 2023",AMPLITUDE Studios,AMPLITUDE Studios,14.99,False,"Action, Strategy",50,11
743390,DISTRAINT 2,"Nov 13, 2018",Jesse Makkonen,Jesse Makkonen,0.8,False,"Adventure, Casual, Indie",9,13
267130,Star Swarm Stress Test,"Jan 30, 2014",Oxide Games,Stardock Entertainment,0.0,True,Utilities,0,1
588210,HELLION,"Oct 21, 2019",Zero Gravity,Zero Gravity,0.0,False,"Action, Indie, Massively Multiplayer, Simulation",12,23
1683370,Blocky Dungeon,"Apr 6, 2023",SquareAnon,SquareAnon,9.99,False,"Adventure, Indie, RPG",16,7
231200,Kentucky Route Zero: PC Edition,"Feb 22, 2013",Cardboard Computer,Cardboard Computer,24.99,False,"Adventure, Indie",24,17
1257360,Bloodstained: Curse of the Moon 2,"Jul 10, 2020","INTI CREATES CO., LTD.","INTI CREATES CO., LTD.",14.99,False,Action,19,2
2269120,The Dark Side Of Mars,"Jan 24, 2023",The Very Big Fish Games,The Very Big Fish Games,0.99,False,Adventure,0,1
1164940,Trepang2,"Jun 21, 2023",Trepang Studios,Team17,29.99,False,"Action, Indie",49,10
683900,RollerCoaster Tycoon® Classic,"Sep 28, 2017",Origin8 Technologies Ltd.,Atari,4.99,False,"Simulation, Strategy",0,7
3157850,洪荒西行录,"Oct 14, 2024",洪荒西行录项目组,洪荒西行录项目组,0.0,True,"Action, Adventure, Massively Multiplayer, RPG, Free To Play",0,1
204530,Infested Planet,"Mar 6, 2014",Rocket Bear Games,Rocket Bear Games,14.99,False,"Action, Indie, Strategy",36,1
1889040,Birth,"Feb 17, 2023",Madison Karrh,Madison Karrh,10.99,False,"Adventure, Indie",7,11
387970,Clown House (Palyaço Evi),"Aug 24, 2015","gord10, Aslan Game Studio",Aslan Game Studio,0.0,True,"Action, Indie, Free To Play",0,2
1470940,STAR FLEET II - Krellan Commander Version 2.0,"Nov 13, 2023","Trevor Sorensen, Mark Baldwin",Trevor Sorensen,9.99,False,"Simulation, Strategy",0,1
200940,Sonic CD,"Jan 19, 2012",Blit Software,SEGA,0.0,False,,12,5
577460,Zoop! - Hunter's Grimm,"Mar 3, 2017",Warfare Studios,Senpai Industrial Studios,0.55,False,"Action, Adventure, Indie, RPG",25,1
508390,Scrap Garden - The Day Before,"Oct 7, 2016","Egidijus Bachur, Alexey Davydov",Flazm,0.0,True,"Action, Adventure, Indie",21,8
315260,Space Hack,"Aug 5, 2014",,Meridian4,4.99,False,"Action, Indie, RPG",0,1
427250,8-Bit Armies,"Apr 22, 2016",Petroglyph,Petroglyph,14.99,False,"Indie, Simulation, Strategy",29,14
255420,Magic 2015 - Duels of the Planeswalkers,"Jul 16, 2014",Stainless Games,Wizards of the Coast,0.0,False,Strategy,35,11
1601580,Frostpunk 2,"Sep 20, 2024",11 bit studios,11 bit studios,44.99,False,"Simulation, Strategy",71,14
474750,Reigns,"Aug 11, 2016",Nerial,Devolver Digital,2.99,False,"Adventure, Indie, RPG, Simulation",13,12
270450,Robot Roller-Derby Disco Dodgeball,"Feb 19, 2015",Erik Asmussen,Erik Asmussen,9.99,False,"Action, Indie, Sports",76,1
1522870,Supraland Six Inches Under,"Jan 14, 2022",Supra Games,Supra Games,19.99,False,Adventure,53,15
861650,Session: Skate Sim,"Sep 22, 2022",crea-ture Studios Inc.,Nacon,39.99,False,"Indie, Simulation, Sports, Strategy",48,12
22330,The Elder Scrolls IV: Oblivion® Game of the Year Edition (2009),"Jun 16, 2009",Bethesda Game Studios,Bethesda Softworks,14.99,False,RPG,0,5
750920,Shadow of the Tomb Raider: Definitive Edition,"Sep 14, 2018","Eidos-Montréal, Crystal Dynamics, Nixxes, Feral Interactive (Mac), Feral interactive (Linux)","Crystal Dynamics, Feral Interactive (Mac), Feral interactive (Linux)",39.99,False,"Action, Adventure",99,12
285900,Gang Beasts,"Dec 12, 2017","Boneloaf, Rocket Science",Boneloaf,19.99,False,"Action, Adventure, Casual, Indie, Simulation",19,10
436520,Line of Sight,"Jan 31, 2017",BlackSpot Entertainment,BlackSpot Entertainment,0.0,True,"Action, Free To Play, Indie, Massively Multiplayer",408,1
389570,Mitos.is: The Game,"Jul 29, 2015",Freakinware Studios,Freakinware Studios,0.0,True,"Casual, Simulation, Free To Play",0,19
239030,"Papers, Please","Aug 8, 2013",Lucas Pope,3909,9.99,False,"Adventure, Indie",13,15
99900,Spiral Knights,"Jun 14, 2011",Grey Havens,Grey Havens,0.0,True,"Action, Adventure, Casual, Indie, Massively Multiplayer, RPG, Free To Play",54,4
1277400,Monster Hunter Stories 2: Wings of Ruin,"Jul 8, 2021","CAPCOM Co., Ltd.","CAPCOM Co., Ltd.",39.99,False,"Adventure, RPG",48,14
236110,Dungeon Defenders II,"Jun 20, 2017",Chromatic Games,Chromatic Games,0.0,True,"Action, Indie, RPG, Strategy, Free To Play",18,1
312990,The Expendabros,"Aug 5, 2014",Free Lives,Devolver Digital,0.0,True,"Action, Adventure, Indie, Free To Play",0,1
782330,DOOM Eternal,"Mar 19, 2020",id Software,Bethesda Softworks,39.99,False,Action,50,13
1222680,Need for Speed™ Heat,"Jun 4, 2020",Ghost Games,Electronic Arts,69.99,False,"Action, Adventure, Racing, Sports",42,13
880940,Pummel Party,"Sep 20, 2018",Rebuilt Games,Rebuilt Games,14.99,False,"Action, Casual, Indie",31,11
12120,Grand Theft Auto: San Andreas,"Jan 4, 2008",Rockstar Games,Rockstar Games,0.0,False,Action,0,1
815370,Green Hell,"Sep 5, 2019",Creepy Jar,Creepy Jar,2.79,False,"Action, Adventure, Indie, Simulation",68,20
1716740,Starfield,"Sep 5, 2023",Bethesda Game Studios,Bethesda Softworks,49.99,False,RPG,82,9
224600,Defiance,"Jun 4, 2014",Trion Worlds,Trion Worlds,0.0,False,"Action, Free To Play, Massively Multiplayer, RPG",0,3
493340,Planet Coaster,"Nov 17, 2016","Frontier Developments, Aspyr (Mac)","Frontier Developments, Aspyr (Mac)",11.24,False,"Action, Adventure, Casual, Simulation, Strategy",32,9
613010,Secret in Story,"Jun 19, 2017",Naivus Luo,Naivus Luo,0.99,False,"Adventure, Indie",32,4
1238840,Battlefield™ 1,"Jun 11, 2020",DICE,Electronic Arts,39.99,False,"Action, Massively Multiplayer",50,13
115300,Call of Duty®: Modern Warfare® 3 (2011),"Nov 8, 2011","Infinity Ward, Sledgehammer Games",Activision,39.99,False,Action,76,5
620980,Beat Saber,"May 21, 2019",Beat Games,Beat Games,29.99,False,Indie,26,7
244850,Space Engineers,"Feb 28, 2019",Keen Software House,Keen Software House,19.99,False,"Action, Indie, Simulation, Strategy",30,16
287700,METAL GEAR SOLID V: THE PHANTOM PAIN,"Sep 1, 2015",KONAMI,KONAMI,19.99,False,"Action, Adventure",42,8
736590,Operation: Harsh Doorstop,"Feb 15, 2023",Drakeling Labs,,0.0,True,"Action, Casual, Indie, Simulation, Strategy, Free To Play, Early Access",0,1
1366800,Crosshair X,"Aug 17, 2020",CenterPoint Gaming,CenterPoint Gaming,9.99,False,"Action, Adventure, Indie, Software Training, Utilities",0,15
224260,No More Room in Hell,"Oct 31, 2013",No More Room in Hell Team,Lever Games,0.0,True,"Action, Indie, Free To Play",115,17
241930,Middle-earth™: Shadow of Mordor™,"Sep 30, 2014",Monolith Productions,"Warner Bros. Interactive Entertainment, Warner Bros. Games",19.99,False,,74,8
1366540,Dyson Sphere Program,"Jan 20, 2021",Youthcat Studio,Gamirror Games,19.99,False,"Indie, Simulation, Strategy, Early Access",128,5
460930,Tom Clancy's Ghost Recon® Wildlands,"Mar 6, 2017","Ubisoft Paris, Ubisoft Annecy, Ubisoft Bucharest, Ubisoft Montpellier, Ubisoft Milan, Reflections, Ubisoft Belgrade",Ubisoft,49.99,False,"Action, Adventure",57,16
1371980,No Rest for the Wicked,"Apr 18, 2024",Moon Studios GmbH,Moon Studios GmbH,39.99,False,"Action, Adventure, RPG, Early Access",0,12
588650,Dead Cells,"Aug 6, 2018",Motion Twin,Motion Twin,24.99,False,"Action, Adventure, Indie",121,15
394360,Hearts of Iron IV,"Jun 6, 2016",Paradox Development Studio,Paradox Interactive,49.99,False,"Simulation, Strategy",273,10
698780,Doki Doki Literature Club!,"Oct 6, 2017",Team Salvato,Team Salvato,0.0,True,"Casual, Free To Play, Indie",0,1
493520,GTFO,"Dec 9, 2021",10 Chambers,10 Chambers,39.99,False,Action,57,12
365450,Hacknet,"Aug 12, 2015",Team Fractal Alligator,Fellow Traveller,9.99,False,"Indie, Simulation",11,9
1551360,Forza Horizon 5,"Nov 8, 2021",Playground Games,Xbox Game Studios,59.99,False,"Action, Adventure, Racing, Simulation, Sports",164,16
223710,Cry of Fear,"Apr 25, 2013",Team Psykskallar,Team Psykskallar,0.0,True,"Action, Adventure, Indie",0,7
20920,The Witcher 2: Assassins of Kings Enhanced Edition,"Apr 16, 2012",CD PROJEKT RED,"CD PROJEKT RED, 1C-SoftClub",19.99,False,RPG,52,14
1289310,Helltaker,"May 11, 2020",vanripper,vanripper,0.0,True,"Adventure, Free To Play, Indie",10,1
13520,Far Cry®,"Apr 1, 2008",Crytek Studios,Ubisoft,9.99,False,Action,0,2
1167630,Teardown,"Apr 21, 2022",Tuxedo Labs,Tuxedo Labs,29.99,False,"Action, Indie, Simulation, Strategy",27,9
424840,Little Nightmares,"Apr 27, 2017",Tarsier Studios,BANDAI NAMCO Entertainment,19.99,False,Adventure,22,13
261570,Ori and the Blind Forest,"Mar 10, 2015",Moon Studios GmbH,Xbox Game Studios,0.0,False,Action,50,9
250900,The Binding of Isaac: Rebirth,"Nov 4, 2014","Nicalis, Inc., Edmund McMillen","Nicalis, Inc.",14.99,False,Action,641,1
601150,Devil May Cry 5,"Mar 7, 2019","CAPCOM Co., Ltd.","CAPCOM Co., Ltd.",4.49,False,Action,55,12
482730,Football Manager 2017,"Nov 3, 2016",Sports Interactive,SEGA,0.0,False,"Simulation, Sports",86,17
203290,America's Army: Proving Grounds,"Aug 29, 2013",U.S. Army,U.S. Army,0.0,True,"Action, Free To Play",100,1
437900,Party Jousting,"Mar 1, 2016",vikingfabian,vikingfabian,0.0,True,"Casual, Indie, Sports",18,103
500,Left 4 Dead,"Nov 17, 2008",Valve,Valve,9.99,False,Action,73,28
252130,Divide By Sheep,"Jul 2, 2015","Victor Solodilov, Denis Novikov",tinyBuild,4.99,False,"Adventure, Casual, Indie",19,1
883710,Resident Evil 2,"Jan 24, 2019","CAPCOM Co., Ltd.","CAPCOM Co., Ltd.",39.99,False,Action,44,15
439190,Stories: The Path of Destinies,"Apr 12, 2016",Spearhead Games,Spearhead Games,14.99,False,"Action, Adventure, Indie, RPG",37,7
439700,Z1 Battle Royale: Test Server,"Feb 24, 2016",Daybreak Game Company,Daybreak Game Company,0.0,False,Massively Multiplayer,0,1
1811260,EA SPORTS™ FIFA 23,"Sep 30, 2022","EA Canada, EA Romania",Electronic Arts,0.0,False,"Simulation, Sports",39,21
298110,Far Cry® 4,"Nov 17, 2014","Ubisoft Montreal, Red Storm, Shanghai, Toronto, Kiev",Ubisoft,29.99,False,"Action, Adventure",57,18
640820,Pathfinder: Kingmaker — Enhanced Plus Edition,"Sep 25, 2018",Owlcat Games,Knights Peak,3.59,False,"Adventure, RPG",74,5
1128810,RISK: Global Domination,"Feb 19, 2020",SMG Studio,SMG Studio,0.0,True,"Casual, Strategy, Free To Play",55,9
245170,Skullgirls 2nd Encore,"Aug 22, 2013",Hidden Variable Studios,Autumn Games,6.24,False,"Action, Indie",45,7
812140,Assassin's Creed® Odyssey,"Oct 5, 2018","Ubisoft Quebec, Ubisoft Montreal, Ubisoft Bucharest, Ubisoft Singapore, Ubisoft Montpellier, Ubisoft Kiev, Ubisoft Shanghai",Ubisoft,59.99,False,"Action, Adventure, RPG",93,15
233450,Prison Architect,"Oct 6, 2015","Introversion Software, Double Eleven",Paradox Interactive,29.99,False,"Indie, Simulation, Strategy",18,15
581320,Insurgency: Sandstorm,"Dec 12, 2018",New World Interactive,Focus Entertainment,7.49,False,Action,35,23
1771300,Kingdom Come: Deliverance II,"Feb 4, 2025",Warhorse Studios,Deep Silver,59.99,False,"Action, Adventure, RPG",83,15
305620,The Long Dark,"Aug 1, 2017",Hinterland Studio Inc.,Hinterland Studio Inc.,19.99,False,"Adventure, Indie, Simulation, Strategy",87,19
2630,Call of Duty® 2,"Oct 13, 2006",Infinity Ward,Activision,19.99,False,Action,0,5
1404210,Red Dead Online,"Dec 1, 2020",Rockstar Games,Rockstar Games,19.99,False,"Action, Adventure",0,13
286570,F1 2015,"Jul 9, 2015","Codemasters, Feral Interactive (Linux)","Codemasters, Feral Interactive (Linux)",0.0,False,"Racing, Sports",45,9
438740,Friday the 13th: The Game,"May 25, 2017",IllFonic,Gun Media,0.0,False,Action,53,6
2379780,Balatro,"Feb 20, 2024",LocalThunk,Playstack,14.99,False,"Casual, Indie, Strategy",31,12
513710,SCUM,"Jun 17, 2025",Gamepires,Gamepires,44.99,False,"Action, Adventure, Indie, Massively Multiplayer",69,10
367500,Dragon's Dogma: Dark Arisen,"Jan 15, 2016",Capcom,Capcom,29.99,False,"Action, Adventure, RPG",59,7
380,Half-Life 2: Episode One,"Jun 1, 2006",Valve,Valve,0.0,False,Action,13,18
268050,The Evil Within,"Oct 13, 2014",Tango Gameworks,Bethesda Softworks,19.99,False,Action,71,7
952060,Resident Evil 3,"Apr 2, 2020","CAPCOM Co., Ltd.","CAPCOM Co., Ltd.",39.99,False,Action,32,15
585690,Minimalism,"Feb 8, 2017",PixelMouse,PixelMouse,0.99,False,"Action, Adventure, Casual, Indie",165,103
360,Half-Life Deathmatch: Source,"May 1, 2006",Valve,Valve,9.99,False,Action,0,1
50620,Darksiders™,"Sep 23, 2010",Vigil Games,THQ Nordic,0.0,False,"Action, Adventure",43,9
2399830,ARK: Survival Ascended,"Oct 25, 2023","Studio Wildcard, Grove Street Games, Instinct Games","Studio Wildcard, Snail Games USA",11.24,False,"Action, Adventure, Indie, Massively Multiplayer, RPG, Early Access",32,16
1677740,Stumble Guys,"Oct 7, 2021",Scopely,Scopely,0.0,True,"Action, Casual, Indie, Massively Multiplayer, Racing, Free To Play",36,13
1446780,MONSTER HUNTER RISE,"Jan 12, 2022","CAPCOM Co., Ltd.","CAPCOM Co., Ltd.",39.99,False,Action,100,14
209000,Batman™: Arkham Origins,"Oct 24, 2013","WB Games Montreal, Splash Damage",Warner Bros. Interactive Entertainment,19.99,False,"Action, Adventure",60,9
232770,POSTAL,"Nov 14, 1997",Running With Scissors,Running With Scissors,0.0,True,"Action, Indie",27,1
1142710,Total War: WARHAMMER III,"Feb 16, 2022","CREATIVE ASSEMBLY, Feral Interactive","SEGA, Feral Interactive",8.99,False,"Action, Strategy",138,13
323580,Jotun: Valhalla Edition,"Sep 29, 2015",Thunder Lotus,Thunder Lotus,10.04,False,"Action, Adventure, Indie",36,13
678950,DRAGON BALL FighterZ,"Jan 26, 2018",Arc System Works,Bandai Namco Entertainment,59.99,False,Action,35,13
858820,Tribes of Midgard,"Jul 27, 2021",Norsfell,Gearbox Publishing,19.99,False,"Action, Adventure, Indie, RPG",26,19
42700,Call of Duty®: Black Ops,"Nov 9, 2010",Treyarch,Activision,39.99,False,Action,68,5
32370,STAR WARS™ Knights of the Old Republic™,"Sep 5, 2009","BioWare, Aspyr (Mac)","LucasArts, Aspyr (Mac), Disney, Lucasfilm",9.99,False,"Adventure, RPG",0,5
1313140,Cult of the Lamb,"Aug 11, 2022",Massive Monster,Devolver Digital,24.99,False,"Action, Adventure, Indie, Strategy",57,14
1237970,Titanfall® 2,"Jun 18, 2020",Respawn Entertainment,Electronic Arts,29.99,False,Action,50,10
1049590,Eternal Return,"Jul 19, 2023",Nimble Neuron,"Nimble Neuron, SapStaR Games",0.0,True,"Indie, Strategy, Free To Play",0,14
674020,World War 3,"Dec 10, 2022",New Generation Games,Wishlist Games,0.0,True,"Action, Free To Play",0,11
1222140,Detroit: Become Human,"Jun 18, 2020",Quantic Dream,Quantic Dream,39.99,False,"Action, Adventure",48,24
630,Alien Swarm,"Jul 19, 2010",Valve,Valve,0.0,True,"Action, Free To Play",66,1
1056960,Wolfenstein: Youngblood,"Jul 25, 2019","MachineGames, Arkane Studios",Bethesda Softworks,19.99,False,Action,60,12
1557740,ROUNDS,"Apr 1, 2021",Landfall,Landfall,5.99,False,"Action, Indie",24,9
274190,Broforce,"Oct 15, 2015",Free Lives,Devolver Digital,14.99,False,"Action, Adventure, Casual, Indie",17,9
620,Portal 2,"Apr 18, 2011",Valve,Valve,9.99,False,"Action, Adventure",51,27
242920,Banished,"Feb 18, 2014",Shining Rock Software LLC,Shining Rock Software LLC,19.99,False,"Indie, Simulation, Strategy",36,1
1222700,A Way Out,"Jun 18, 2020",Hazelight Studios,Electronic Arts,29.99,False,"Action, Adventure, Indie",14,8
379430,Kingdom Come: Deliverance,"Feb 13, 2018",Warhorse Studios,"Warhorse Studios, Deep Silver",29.99,False,"Action, Adventure, RPG",82,14
976730,Halo: The Master Chief Collection,"Dec 3, 2019","343 Industries, Splash Damage, Ruffian Games, Bungie, Saber Interactive",Xbox Game Studios,39.99,False,Action,700,12
240720,Getting Over It with Bennett Foddy,"Dec 6, 2017",Bennett Foddy,Bennett Foddy,7.99,False,Action,3,5
221380,Age of Empires II (Retired),"Apr 9, 2013","Skybox Labs, Hidden Path Entertainment, Ensemble Studios, Forgotten Empires",Xbox Game Studios,19.99,False,Strategy,294,11
508440,Totally Accurate Battle Simulator,"Apr 1, 2021",Landfall,Landfall,19.99,False,"Indie, Simulation, Strategy",64,9
1399780,Spellbreak,"Dec 15, 2020","Proletariat, Inc.","Proletariat, Inc.",0.0,False,"Action, Adventure, Free To Play, RPG",11,12
767560,War Robots,"Apr 4, 2018",MY.GAMES,MY.GAMES,0.0,True,"Action, Free To Play",0,15
8870,BioShock Infinite,"Mar 25, 2013","Irrational Games, Virtual Programming (Linux)",2K,7.49,False,Action,80,11
270880,American Truck Simulator,"Feb 2, 2016",SCS Software,SCS Software,4.99,False,"Indie, Simulation",130,30
397900,Business Tour - Board Game with Online Multiplayer,"Jul 27, 2017",8Floor,8Floor,0.0,True,"Adventure, Casual, Indie, Massively Multiplayer, Simulation, Strategy, Free To Play",19,23
630100,SoulWorker - Anime Action MMO,"Feb 26, 2018","Lion Games Co., Ltd.",Gameforge 4D GmbH,0.0,False,"Action, Free To Play, Massively Multiplayer, RPG",0,3
110800,L.A. Noire,"Nov 8, 2011","Team Bondi, Rockstar Leeds",Rockstar Games,5.99,False,"Adventure, Strategy",60,6
582660,Black Desert,"May 24, 2017",Pearl Abyss,Pearl Abyss,9.99,False,"Action, Adventure, Massively Multiplayer, RPG, Strategy",0,11
629520,Soundpad,"Sep 30, 2017",Leppsoft,Leppsoft,4.99,False,"Audio Production, Utilities",0,27
48700,Mount & Blade: Warband,"Mar 31, 2010",TaleWorlds Entertainment,TaleWorlds Entertainment,19.99,False,"Action, RPG",80,10
2709570,Supermarket Together,"Aug 9, 2024",DeadDevsTellNoLies,DeadDevsTellNoLies,0.0,True,"Casual, Indie, Simulation, Free To Play",48,14
1089350,NBA 2K20,"Sep 6, 2019",Visual Concepts,2K,0.0,False,"Simulation, Sports",50,9
524220,NieR:Automata™,"Mar 17, 2017","Square Enix, PlatinumGames Inc.",Square Enix,39.99,False,"Action, RPG",47,6
203160,Tomb Raider Game of the Year,"Mar 4, 2013","Crystal Dynamics, Eidos-Montréal, Feral Interactive (Mac), Nixxes","Crystal Dynamics, Feral Interactive (Mac)",19.99,False,"Action, Adventure",50,13
1158310,Crusader Kings III,"Sep 1, 2020",Paradox Development Studio,Paradox Interactive,49.99,False,"RPG, Simulation, Strategy",188,9
370910,Kathy Rain,"May 5, 2016",Clifftop Games,Raw Fury,9.99,False,"Adventure, Indie",20,6
113020,Monaco: What's Yours Is Mine,"Apr 24, 2013",Pocketwatch Games,Balor Games,14.99,False,"Action, Adventure, Casual, Indie, Strategy",13,3
686810,Hell Let Loose,"Jul 27, 2021",Expression Games,Team17,49.99,False,"Action, Indie, Massively Multiplayer, Simulation, Strategy",195,11
1057240,Crucible Beta,"May 20, 2020",Relentless Studios,Amazon Games,0.0,False,"Action, Free To Play",0,8
235460,METAL GEAR RISING: REVENGEANCE,"Jan 9, 2014",PlatinumGames,KONAMI,29.99,False,Action,60,7
420,Half-Life 2: Episode Two,"Oct 10, 2007",Valve,Valve,0.0,False,Action,23,17
761890,Albion Online,"May 16, 2018",Sandbox Interactive GmbH,Sandbox Interactive GmbH,0.0,True,"Massively Multiplayer, RPG, Free To Play",154,17
637650,FINAL FANTASY XV WINDOWS EDITION,"Mar 6, 2018",Square Enix,Square Enix,34.99,False,RPG,97,11
613100,House Flipper,"May 17, 2018",Empyrean,"Frozen District, PlayWay S.A.",2.49,False,"Action, Adventure, Casual, Indie, Massively Multiplayer, Simulation, Strategy, Free To Play",96,22
284160,BeamNG.drive,"May 29, 2015",BeamNG,BeamNG,24.99,False,"Racing, Simulation, Early Access",5,13
554620,Life is Strange: Before the Storm,"Aug 31, 2017","Deck Nine, Feral Interactive (Mac), Feral Interactive (Linux)","Square Enix, Feral Interactive (Mac), Feral Interactive (Linux)",16.99,False,"Action, Adventure",34,7
1030830,Mafia II: Definitive Edition,"May 19, 2020","Hangar 13, D3T",2K,29.99,False,"Action, Adventure",67,12
8980,Borderlands Game of the Year,"Aug 31, 2023",Gearbox Software,2K,29.99,False,"Action, RPG",80,5
977950,A Dance of Fire and Ice,"Jan 24, 2019",7th Beat Games,"7th Beat Games, indienova",4.79,False,Indie,47,15
220240,Far Cry 3,"Dec 4, 2012","Ubisoft Montreal, Massive Entertainment, and Ubisoft Shanghai",Ubisoft,19.99,False,"Action, Adventure",44,17
433340,Slime Rancher,"Aug 1, 2017",Monomi Park,Monomi Park,19.99,False,"Action, Adventure, Indie, Simulation",57,10
1361210,"Warhammer 40,000: Darktide","Nov 30, 2022",Fatshark,Fatshark,9.99,False,"Action, Adventure, RPG",36,12
844870,KurtzPel,"Apr 30, 2019",KOG,KOG,0.0,True,"Action, Free To Play, Early Access",85,18
356190,Middle-earth™: Shadow of War™,"Oct 9, 2017",Monolith Productions,WB Games,49.99,False,"Action, Adventure, RPG",72,13
242050,Assassin’s Creed® IV Black Flag™,,Ubisoft Montreal,Ubisoft,39.99,False,"Action, Adventure",60,16
1604030,V Rising,"May 8, 2024",Stunlock Studios,Stunlock Studios,34.99,False,"Action, Adventure, Massively Multiplayer",49,16
1304930,The Outlast Trials,"Mar 5, 2024",Red Barrels,Red Barrels,11.99,False,"Action, Adventure, Indie",27,14
223470,POSTAL 2,"Nov 2, 2012",Running With Scissors,Running With Scissors,9.99,False,"Action, Adventure, Indie",89,5
359320,Elite Dangerous,"Apr 2, 2015",Frontier Developments,Frontier Developments,5.99,False,"Action, Adventure, Massively Multiplayer, RPG, Simulation, Strategy",0,6
2551020,One-armed robber,"Dec 15, 2023",Duhndal,Duhndal,0.0,True,"Action, Indie, Simulation, Strategy, Free To Play",43,1
632470,Disco Elysium - The Final Cut,"Oct 15, 2019",ZA/UM,ZA/UM,9.99,False,RPG,45,13
611500,Quake Champions,"Aug 18, 2022",id Software,Bethesda Softworks,0.0,True,"Action, Free To Play",52,8
242720,GunZ 2: The Second Duel,"May 1, 2014",Masangsoft,Masangsoft,0.0,True,"Action, Indie, Free To Play",183,2
307690,Sleeping Dogs: Definitive Edition,"Oct 8, 2014","United Front Games, Feral Interactive (Mac)","Square Enix, Feral Interactive (Mac)",19.99,False,"Action, Adventure, Racing",59,7
552520,Far Cry® 5,"Mar 26, 2018","Ubisoft Montreal, Red Storm, Ubisoft Shanghai, Ubisoft Toronto, Ubisoft Kiev",Ubisoft,59.99,False,"Action, Adventure",72,15
15620,"Warhammer 40,000: Dawn of War II - Anniversary Edition (Classic)","Feb 18, 2009","Relic Entertainment, Feral Interactive (Mac/Linux)","Relic Entertainment, Feral Interactive (Mac/Linux)",9.99,False,Strategy,73,5
1903340,Clair Obscur: Expedition 33,"Apr 24, 2025",Sandfall Interactive,Kepler Interactive,47.99,False,"Action, RPG",55,19
302830,BLOCKADE 3D,"Dec 19, 2014",Novalink,Novalink,0.0,True,"Action, Free To Play, Early Access",0,2
646570,Slay the Spire,"Jan 23, 2019",Mega Crit,Mega Crit,24.99,False,"Indie, Strategy",46,17
1904540,Football Manager 2023,"Nov 8, 2022",Sports Interactive,SEGA,0.0,False,"Simulation, Sports",100,16
355840,Survarium,"Apr 2, 2015",Vostok Games,Vostok Games,0.0,False,"Action, Free To Play, Massively Multiplayer, RPG, Early Access",73,10
412020,Metro Exodus,"Feb 14, 2020",4A Games,Deep Silver,29.99,False,Action,68,15
409720,BioShock™ 2 Remastered,"Sep 15, 2016","2K Marin, 2K China, Digital Extremes, 2K Australia, Blind Squirrel, Feral Interactive (Mac)","2K, Feral Interactive (Mac)",2.99,False,"Action, RPG",53,7
351940,The Descendant,"Mar 24, 2016",Gaming Corps AB,"Microids Indie, Microids",14.99,False,"Adventure, Casual, Indie",50,5
380600,Fishing Planet,"Aug 28, 2017",Fishing Planet LLC,Fishing Planet LLC,0.0,True,"Massively Multiplayer, Simulation, Sports, Free To Play",17,13
1029690,Sniper Elite 5,"May 25, 2022",Rebellion,Rebellion,49.99,False,"Action, Adventure",71,12
871720,Ultimate Custom Night,"Jun 27, 2018",Scott Cawthon,Scott Cawthon,0.0,True,"Action, Free To Play, Indie",0,1
40800,Super Meat Boy,"Nov 30, 2010",Team Meat,,1.19,False,Indie,48,2
701160,Kingdom Two Crowns,"Dec 11, 2018","Stumpy🐙Squid, Fury Studios, Coatsink",Raw Fury,19.99,False,"Adventure, Indie, Simulation, Strategy",46,11
65930,The Bureau: XCOM Declassified,"Aug 19, 2013",2K Marin,2K,19.99,False,Action,41,8
644560,Mirror,"Apr 19, 2018",KAGAMI WORKS,Paradise Project,1.99,False,"Adventure, Indie, RPG",114,10
47870,Need For Speed: Hot Pursuit,"Dec 14, 2010",Criterion Games,Electronic Arts,0.0,False,Racing,0,11
368500,Assassin's Creed® Syndicate,"Nov 18, 2015","Ubisoft Quebec, in collaboration with Ubisoft Annecy, Bucharest, Kiev, Montreal, Montpellier, Shanghai, Singapore, Sofia, Toronto studios",Ubisoft,29.99,False,"Action, Adventure",56,15
949230,Cities: Skylines II,"Oct 24, 2023","Iceflake Studios, Colossal Order",Paradox Interactive,49.99,False,Simulation,44,12
1868140,DAVE THE DIVER,"Jun 28, 2023",MINTROCKET,MINTROCKET,19.99,False,"Adventure, Casual, RPG, Simulation",43,11
211820,Starbound,"Jul 22, 2016",Chucklefish,Chucklefish,14.99,False,"Action, Adventure, Casual, Indie, RPG",51,1
1943950,Escape the Backrooms,"Oct 23, 2025","Fancy Games, Blackbird Interactive",Secret Mode,9.99,False,"Action, Indie",34,12
2835570,Buckshot Roulette,"Apr 4, 2024",Mike Klubnika,CRITICAL REFLEX,1.79,False,"Action, Indie, Simulation",16,17
1184370,Pathfinder: Wrath of the Righteous - Enhanced Edition,"Sep 2, 2021",Owlcat Games,"META Publishing, Owlcat Games",5.99,False,"Action, Adventure, Indie, RPG, Strategy",153,8
278360,A Story About My Uncle,"May 28, 2014",Gone North Games,Coffee Stain Publishing,14.99,False,"Adventure, Casual, Indie",15,5
1260320,Party Animals,"Sep 20, 2023",Recreate Games,Source Technology,19.99,False,"Action, Casual, Indie",116,10
310950,Street Fighter V,"Feb 15, 2016","CAPCOM Co., Ltd.","CAPCOM Co., Ltd.",19.99,False,Action,45,14
1286830,STAR WARS™: The Old Republic™,"Jul 21, 2020",Broadsword,Electronic Arts,0.0,True,"Massively Multiplayer, RPG, Free To Play",191,3
238460,BattleBlock Theater®,"May 15, 2014",The Behemoth,The Behemoth,14.99,False,"Action, Adventure, Casual, Indie",30,11
975370,Dwarf Fortress,"Dec 6, 2022",Bay 12 Games,Kitfox Games,29.99,False,"Indie, Simulation, Strategy",0,1
602960,Barotrauma,"Mar 13, 2023","FakeFish, Undertow Games",Daedalic Entertainment,19.99,False,"Action, Indie, Simulation, Strategy",76,13
1217060,Gunfire Reborn,"Nov 17, 2021",Gunfire Reborn Studio,Duoyi Games,19.99,False,"Action, Adventure, Indie, RPG",134,18
788100,Neon Abyss,"Jul 14, 2020",Veewo Games,"Team17, Veewo Games",19.99,False,"Action, Adventure, Indie, RPG",35,9
363970,Clicker Heroes,"May 13, 2015",Playsaurus,Playsaurus,0.0,True,"Adventure, Casual, Indie, RPG, Simulation, Strategy, Free To Play",111,26
1569040,Football Manager 2022,"Nov 9, 2021",Sports Interactive,SEGA,0.0,False,"Simulation, Sports",98,17
2881650,Content Warning,"Apr 1, 2024","Zorro, Wilnyl, Philip, thePetHen, Skog",Evil Landfall?,7.99,False,"Action, Adventure, Indie",48,12
1520470,Soul Dossier,"Mar 29, 2021",GKD GAME,GKD GAME,0.0,True,"Action, Adventure, Massively Multiplayer, RPG, Strategy, Free To Play",0,28
1824220,Chivalry 2,"Jun 12, 2022",Torn Banner Studios,Tripwire Presents,39.99,False,"Action, Massively Multiplayer",41,12
12100,Grand Theft Auto III,"Jan 4, 2008",Rockstar Games,Rockstar Games,0.0,False,Action,0,5
244210,Assetto Corsa,"Dec 19, 2014",Kunos Simulazioni,Kunos Simulazioni,19.99,False,"Indie, Racing, Simulation, Sports",709,4
466560,Northgard: Definitive Edition,"Mar 7, 2018",Shiro Games,Shiro Games,34.99,False,"Adventure, Indie, Simulation, Strategy",289,11
212070,Star Conflict,"Feb 27, 2013",Star Gem Inc.,Gaijin Network Ltd,0.0,True,"Action, Adventure, Massively Multiplayer, RPG, Simulation, Free To Play",213,11
234650,Shadowrun Returns,"Jul 25, 2013",Harebrained Schemes,Paradox Interactive,14.99,False,"Adventure, Indie, RPG, Strategy",0,6
232090,Killing Floor 2,"Nov 18, 2016",Tripwire Interactive,Tripwire Interactive,2.99,False,Action,307,12
427730,Who's Your Daddy?!,"May 13, 2016",Evil Tortilla Games,Evil Tortilla Games,9.99,False,"Action, Casual, Indie",44,11
813780,Age of Empires II: Definitive Edition,"Nov 14, 2019","World's Edge, Forgotten Empires, CaptureAge, Tantalus Media, Wicked Witch, Feral Interactive",Xbox Game Studios,34.99,False,Strategy,357,17
285800,Braveland,"Mar 17, 2014",Tortuga Team,Tortuga Team,0.99,False,"Adventure, Casual, Indie, RPG, Strategy",21,12
976310,Mortal Kombat 11,"Apr 23, 2019","NetherRealm Studios, QLOC, Shiver","Warner Bros. Games, Warner Bros. Interactive Entertainment",49.99,False,Action,58,12
1942280,Brotato,"Jun 23, 2023",Blobfish,Blobfish,4.99,False,"Action, Casual, Indie, RPG",179,13
407530,ARK: The Survival Of The Fittest,"Aug 29, 2017","Studio Wildcard, Instinct Games, Efecto Studios, Virtual Basement LLC",Studio Wildcard,0.0,False,"Action, Adventure, Indie, Massively Multiplayer, RPG, Strategy",0,20
212500,The Lord of the Rings Online™,"Jun 6, 2012",Standing Stone Games,Daybreak Game Company LLC,0.0,True,"Action, Adventure, Massively Multiplayer, RPG, Free To Play",0,3
700330,SCP: Secret Laboratory,"Dec 29, 2017",Northwood Studios,Northwood Studios,0.0,True,"Action, Casual, Indie, RPG, Free To Play",52,18
374320,DARK SOULS™ III,"Apr 11, 2016","FromSoftware, Inc.","FromSoftware, Inc., Bandai Namco Entertainment",59.99,False,Action,43,12
307780,Mortal Kombat X,"Apr 13, 2015","NetherRealm Studios, QLOC","Warner Bros. Games, Warner Bros. Interactive Entertainment",19.99,False,Action,73,8
33930,Arma 2: Operation Arrowhead,"Jun 29, 2010",Bohemia Interactive,Bohemia Interactive,19.99,False,"Action, Simulation, Strategy",0,8
213670,South Park™: The Stick of Truth™,"Mar 3, 2014",Obsidian Entertainment,Ubisoft,29.99,False,"Action, Adventure, RPG",50,8
485510,Nioh: Complete Edition,"Nov 7, 2017","KOEI TECMO GAMES CO., LTD.","KOEI TECMO GAMES CO., LTD.",49.99,False,"Action, RPG",79,13
365670,Blender,"Apr 24, 2015",Blender Foundation,Blender Foundation,0.0,True,"Animation & Modeling, Design & Illustration, Video Production",0,12
233860,Kenshi,"Dec 6, 2018",Lo-Fi Games,Lo-Fi Games,29.99,False,"Action, Indie, RPG, Simulation, Strategy",0,9
275390,Guacamelee! Super Turbo Championship Edition,"Aug 21, 2014",Drinkbox Studios,"Drinkbox Studios, Kepler Ghost",14.99,False,"Action, Adventure, Indie",30,6
466240,Deceit,"Mar 3, 2017",World Makers,World Makers,0.0,False,"Action, Indie, Free To Play",14,16
1363080,Manor Lords,"Apr 26, 2024",Slavic Magic,Hooded Horse,39.99,False,"Simulation, Strategy, Early Access",11,19
594570,Total War: WARHAMMER II,"Sep 28, 2017","CREATIVE ASSEMBLY, Feral Interactive (Mac), Feral Interactive (Linux)","SEGA, Feral Interactive (Mac), Feral Interactive (Linux)",14.99,False,"Action, Strategy",152,13
4560,Company of Heroes - Legacy Edition,"Jul 17, 2007",Relic Entertainment,SEGA,7.39,False,"Action, Strategy",0,11
1284210,Guild Wars 2®,"Aug 23, 2022",ArenaNet®,"ArenaNet®, NCSOFT",0.0,True,"Adventure, Massively Multiplayer, RPG, Free To Play",0,4
645630,Car Mechanic Simulator 2018,"Jul 28, 2017",Red Dot Games,PlayWay S.A.,19.99,True,"Racing, Simulation",60,17
606150,Moonlighter,"May 29, 2018",Digital Sun,11 bit studios,19.99,False,"Action, Adventure, Indie",67,13
368230,Kingdom: Classic,"Oct 21, 2015","Noio, Licorice",Raw Fury,0.0,True,"Indie, Simulation, Strategy",34,10
212160,Vindictus,"Jun 22, 2012",NEXON,NEXON America Inc.,0.0,True,"Action, Adventure, Massively Multiplayer, RPG, Free To Play",0,1
1057090,Ori and the Will of the Wisps,"Mar 10, 2020",Moon Studios GmbH,Xbox Game Studios,29.99,False,Action,37,21
534380,Dying Light 2 Stay Human: Reloaded Edition,"Feb 3, 2022",Techland,Techland,59.99,False,"Action, Adventure, RPG",65,17
24240,PAYDAY™ The Heist,"Oct 20, 2011",OVERKILL - a Starbreeze Studio.,Starbreeze Entertainment,9.99,False,Action,56,5
17390,SPORE™,"Dec 19, 2008",Maxis™,Electronic Arts,19.99,False,"Action, Adventure, Casual, RPG, Simulation, Strategy",0,15
1100600,Football Manager 2020,"Nov 19, 2019",Sports Interactive,SEGA,0.0,False,"Simulation, Sports",97,17
40,Deathmatch Classic,"Jun 1, 2001",Valve,Valve,4.99,False,Action,0,9
201810,Wolfenstein: The New Order,"May 19, 2014",MachineGames,Bethesda Softworks,19.99,False,Action,50,7
221910,The Stanley Parable,"Oct 17, 2013",Galactic Cafe,"Galactic Cafe, Klei Publishing",14.99,False,"Adventure, Indie",10,12
355180,Codename CURE,"Oct 31, 2017",Raptor Byte,Raptor Byte,0.0,True,"Action, Free To Play",44,12
72850,The Elder Scrolls V: Skyrim,"Nov 10, 2011",Bethesda Game Studios,Bethesda Softworks,19.99,False,RPG,75,9
208090,Loadout,"Jan 31, 2014",Edge of Reality,Edge of Reality,0.0,False,"Action, Free To Play, Indie",28,11
1818750,MultiVersus,"Jul 19, 2022",Player First Games,Warner Bros. Games,0.0,False,"Action, Free To Play",28,13
219150,Hotline Miami,"Oct 23, 2012",Dennaton Games,Devolver Digital,9.99,False,"Action, Indie",35,7
55150,"Warhammer 40,000: Space Marine - Anniversary Edition","Sep 5, 2011",Relic Entertainment,Relic Entertainment,9.99,False,Action,60,9
22370,Fallout 3: Game of the Year Edition,"Dec 17, 2009",Bethesda Game Studios,Bethesda Softworks,19.99,False,RPG,0,5
550900,Metin2,"May 8, 2017",WEBZEN Inc.,Gameforge 4D GmbH,0.0,False,"Action, Adventure, Free To Play, Massively Multiplayer, RPG",0,16
2050650,Resident Evil 4,"Mar 23, 2023","CAPCOM Co., Ltd.","CAPCOM Co., Ltd.",39.99,False,"Action, Adventure",46,14
236850,Europa Universalis IV,"Aug 13, 2013","Paradox Development Studio, Paradox Tinto",Paradox Interactive,49.99,False,"Simulation, Strategy",373,4
335240,Transformice,"Jan 30, 2015",Atelier 801,Atelier 801,0.0,True,"Free To Play, Indie, Massively Multiplayer",14,24
683320,GRIS,"Dec 13, 2018",Nomada Studio,Devolver Digital,14.99,False,"Adventure, Indie",17,10
204360,Castle Crashers®,"Sep 26, 2012",The Behemoth,The Behemoth,14.99,False,"Action, Adventure, Casual, Indie, RPG",12,11
265590,The Red Solstice,"Jul 9, 2015",Ironward,Ironward,9.99,False,Strategy,73,1
282140,SOMA,"Sep 21, 2015",Frictional Games,Frictional Games,7.49,False,"Action, Adventure, Indie",10,8
1145360,Hades,"Sep 17, 2020",Supergiant Games,Supergiant Games,24.99,False,"Action, Indie, RPG",49,11
236870,HITMAN™,"Mar 11, 2016","IO Interactive A/S, Feral Interactive (Linux), Feral Interactive (Mac)","IO Interactive A/S, Feral Interactive (Linux), Feral Interactive (Mac)",0.0,False,Action,69,10
1274570,DEVOUR,"Jan 28, 2021",Straight Back Games,Straight Back Games,9.99,False,Indie,131,23
6860,Hitman: Blood Money,"Mar 15, 2007",Io-Interactive A/S,Io-Interactive A/S,9.99,False,Action,0,1
346900,AdVenture Capitalist,"Mar 30, 2015",Hyper Hippo Games,Hyper Hippo Games,0.0,True,"Casual, Indie, Free To Play",31,1
259080,Just Cause 2: Multiplayer Mod,"Dec 16, 2013",Avalanche Studios,Square Enix,0.0,True,"Action, Adventure",20,7
629760,MORDHAU,"Apr 29, 2019",Triternion,Triternion,29.99,False,"Action, Indie",38,10
22380,Fallout: New Vegas,"Oct 19, 2010",Obsidian Entertainment,Bethesda Softworks,9.99,False,"Action, RPG",75,5
